subj,item,cond,seq,meas,reg,DV,CondA,CondB
S1,I1,C1,38,PF1,R1,0,A1,B1
S1,I2,C2,57,PF1,R1,0,A1,B2
S1,I3,C3,55,PF1,R1,0,A2,B1
S1,I4,C4,62,PF1,R1,0,A2,B2
S1,I5,C1,7,PF1,R1,0,A1,B1
S1,I6,C2,40,PF1,R1,0,A1,B2
S1,I7,C3,33,PF1,R1,0,A2,B1
S1,I8,C4,11,PF1,R1,0,A2,B2
S1,I9,C1,21,PF1,R1,0,A1,B1
S1,I10,C2,5,PF1,R1,0,A1,B2
S1,I11,C3,17,PF1,R1,0,A2,B1
S1,I12,C4,58,PF1,R1,0,A2,B2
S1,I13,C1,8,PF1,R1,0,A1,B1
S1,I14,C2,9,PF1,R1,0,A1,B2
S1,I15,C3,39,PF1,R1,0,A2,B1
S1,I16,C4,53,PF1,R1,0,A2,B2
S1,I17,C1,28,PF1,R1,0,A1,B1
S1,I18,C2,61,PF1,R1,0,A1,B2
S1,I19,C3,60,PF1,R1,0,A2,B1
S1,I20,C4,56,PF1,R1,0,A2,B2
S1,I21,C1,47,PF1,R1,0,A1,B1
S1,I22,C2,1,PF1,R1,0,A1,B2
S1,I24,C4,10,PF1,R1,0,A2,B2
S1,I25,C1,2,PF1,R1,0,A1,B1
S1,I26,C2,27,PF1,R1,0,A1,B2
S1,I27,C3,41,PF1,R1,0,A2,B1
S1,I28,C4,63,PF1,R1,0,A2,B2
S1,I29,C1,64,PF1,R1,0,A1,B1
S1,I30,C2,3,PF1,R1,0,A1,B2
S1,I31,C3,36,PF1,R1,0,A2,B1
S1,I32,C4,14,PF1,R1,0,A2,B2
S1,I33,C1,24,PF1,R1,0,A1,B1
S1,I34,C2,29,PF1,R1,0,A1,B2
S1,I35,C3,48,PF1,R1,0,A2,B1
S1,I36,C4,35,PF1,R1,1,A2,B2
S1,I37,C1,49,PF1,R1,0,A1,B1
S1,I38,C2,37,PF1,R1,0,A1,B2
S1,I39,C3,43,PF1,R1,0,A2,B1
S1,I40,C4,15,PF1,R1,0,A2,B2
S1,I41,C1,52,PF1,R1,0,A1,B1
S1,I42,C2,16,PF1,R1,0,A1,B2
S1,I43,C3,51,PF1,R1,0,A2,B1
S1,I44,C4,50,PF1,R1,0,A2,B2
S1,I45,C1,13,PF1,R1,0,A1,B1
S1,I46,C2,31,PF1,R1,0,A1,B2
S1,I47,C3,20,PF1,R1,0,A2,B1
S1,I48,C4,44,PF1,R1,0,A2,B2
S1,I49,C1,45,PF1,R1,0,A1,B1
S1,I50,C2,18,PF1,R1,0,A1,B2
S1,I51,C3,23,PF1,R1,0,A2,B1
S1,I52,C4,54,PF1,R1,0,A2,B2
S1,I53,C1,4,PF1,R1,0,A1,B1
S1,I54,C2,25,PF1,R1,0,A1,B2
S1,I55,C3,59,PF1,R1,0,A2,B1
S1,I56,C4,30,PF1,R1,0,A2,B2
S1,I57,C1,12,PF1,R1,0,A1,B1
S1,I58,C2,22,PF1,R1,0,A1,B2
S1,I59,C3,26,PF1,R1,0,A2,B1
S1,I60,C4,19,PF1,R1,0,A2,B2
S1,I61,C1,46,PF1,R1,0,A1,B1
S1,I62,C2,34,PF1,R1,0,A1,B2
S1,I63,C3,6,PF1,R1,0,A2,B1
S1,I64,C4,32,PF1,R1,0,A2,B2
S2,I1,C2,43,PF1,R1,0,A1,B2
S2,I2,C3,31,PF1,R1,0,A2,B1
S2,I3,C4,14,PF1,R1,0,A2,B2
S2,I4,C1,39,PF1,R1,0,A1,B1
S2,I5,C2,50,PF1,R1,0,A1,B2
S2,I6,C3,56,PF1,R1,0,A2,B1
S2,I7,C4,2,PF1,R1,0,A2,B2
S2,I8,C1,59,PF1,R1,0,A1,B1
S2,I9,C2,34,PF1,R1,0,A1,B2
S2,I10,C3,60,PF1,R1,0,A2,B1
S2,I11,C4,23,PF1,R1,0,A2,B2
S2,I12,C1,29,PF1,R1,1,A1,B1
S2,I13,C2,7,PF1,R1,0,A1,B2
S2,I14,C3,57,PF1,R1,1,A2,B1
S2,I15,C4,5,PF1,R1,0,A2,B2
S2,I16,C1,25,PF1,R1,0,A1,B1
S2,I17,C2,33,PF1,R1,0,A1,B2
S2,I18,C3,20,PF1,R1,0,A2,B1
S2,I19,C4,52,PF1,R1,0,A2,B2
S2,I20,C1,3,PF1,R1,0,A1,B1
S2,I21,C2,64,PF1,R1,0,A1,B2
S2,I22,C3,48,PF1,R1,0,A2,B1
S2,I23,C4,1,PF1,R1,0,A2,B2
S2,I24,C1,53,PF1,R1,0,A1,B1
S2,I25,C2,24,PF1,R1,0,A1,B2
S2,I26,C3,40,PF1,R1,0,A2,B1
S2,I27,C4,32,PF1,R1,0,A2,B2
S2,I28,C1,26,PF1,R1,0,A1,B1
S2,I29,C2,17,PF1,R1,0,A1,B2
S2,I30,C3,44,PF1,R1,0,A2,B1
S2,I31,C4,16,PF1,R1,1,A2,B2
S2,I32,C1,6,PF1,R1,0,A1,B1
S2,I33,C2,22,PF1,R1,0,A1,B2
S2,I34,C3,35,PF1,R1,0,A2,B1
S2,I35,C4,4,PF1,R1,0,A2,B2
S2,I36,C1,46,PF1,R1,0,A1,B1
S2,I37,C2,55,PF1,R1,0,A1,B2
S2,I38,C3,19,PF1,R1,0,A2,B1
S2,I39,C4,8,PF1,R1,0,A2,B2
S2,I40,C1,51,PF1,R1,0,A1,B1
S2,I41,C2,28,PF1,R1,0,A1,B2
S2,I42,C3,45,PF1,R1,0,A2,B1
S2,I43,C4,37,PF1,R1,0,A2,B2
S2,I44,C1,30,PF1,R1,0,A1,B1
S2,I45,C2,47,PF1,R1,0,A1,B2
S2,I46,C3,15,PF1,R1,0,A2,B1
S2,I47,C4,36,PF1,R1,0,A2,B2
S2,I48,C1,18,PF1,R1,0,A1,B1
S2,I49,C2,10,PF1,R1,0,A1,B2
S2,I50,C3,27,PF1,R1,0,A2,B1
S2,I51,C4,63,PF1,R1,0,A2,B2
S2,I52,C1,21,PF1,R1,0,A1,B1
S2,I53,C2,11,PF1,R1,0,A1,B2
S2,I54,C3,41,PF1,R1,0,A2,B1
S2,I55,C4,38,PF1,R1,0,A2,B2
S2,I56,C1,61,PF1,R1,0,A1,B1
S2,I57,C2,42,PF1,R1,0,A1,B2
S2,I58,C3,9,PF1,R1,0,A2,B1
S2,I59,C4,62,PF1,R1,0,A2,B2
S2,I60,C1,58,PF1,R1,0,A1,B1
S2,I61,C2,13,PF1,R1,0,A1,B2
S2,I62,C3,49,PF1,R1,0,A2,B1
S2,I63,C4,54,PF1,R1,0,A2,B2
S2,I64,C1,12,PF1,R1,0,A1,B1
S3,I1,C3,40,PF1,R1,1,A2,B1
S3,I2,C4,37,PF1,R1,0,A2,B2
S3,I3,C1,12,PF1,R1,0,A1,B1
S3,I5,C3,25,PF1,R1,1,A2,B1
S3,I6,C4,28,PF1,R1,1,A2,B2
S3,I7,C1,49,PF1,R1,1,A1,B1
S3,I8,C2,26,PF1,R1,1,A1,B2
S3,I9,C3,57,PF1,R1,0,A2,B1
S3,I10,C4,19,PF1,R1,0,A2,B2
S3,I11,C1,38,PF1,R1,0,A1,B1
S3,I13,C3,66,PF1,R1,0,A2,B1
S3,I14,C4,3,PF1,R1,0,A2,B2
S3,I15,C1,21,PF1,R1,1,A1,B1
S3,I16,C2,44,PF1,R1,0,A1,B2
S3,I17,C3,29,PF1,R1,0,A2,B1
S3,I18,C4,46,PF1,R1,0,A2,B2
S3,I19,C1,7,PF1,R1,0,A1,B1
S3,I20,C2,16,PF1,R1,0,A1,B2
S3,I21,C3,43,PF1,R1,0,A2,B1
S3,I22,C4,34,PF1,R1,0,A2,B2
S3,I23,C1,48,PF1,R1,1,A1,B1
S3,I24,C2,27,PF1,R1,0,A1,B2
S3,I25,C3,59,PF1,R1,0,A2,B1
S3,I26,C4,8,PF1,R1,0,A2,B2
S3,I27,C1,54,PF1,R1,0,A1,B1
S3,I28,C2,30,PF1,R1,0,A1,B2
S3,I29,C3,39,PF1,R1,0,A2,B1
S3,I30,C4,18,PF1,R1,0,A2,B2
S3,I31,C1,15,PF1,R1,1,A1,B1
S3,I32,C2,35,PF1,R1,0,A1,B2
S3,I34,C4,61,PF1,R1,0,A2,B2
S3,I35,C1,36,PF1,R1,1,A1,B1
S3,I36,C2,11,PF1,R1,0,A1,B2
S3,I37,C3,20,PF1,R1,0,A2,B1
S3,I38,C4,47,PF1,R1,0,A2,B2
S3,I39,C1,41,PF1,R1,0,A1,B1
S3,I40,C2,10,PF1,R1,0,A1,B2
S3,I41,C3,63,PF1,R1,1,A2,B1
S3,I42,C4,14,PF1,R1,0,A2,B2
S3,I43,C1,58,PF1,R1,0,A1,B1
S3,I44,C2,2,PF1,R1,0,A1,B2
S3,I45,C3,17,PF1,R1,0,A2,B1
S3,I46,C4,23,PF1,R1,0,A2,B2
S3,I47,C1,42,PF1,R1,0,A1,B1
S3,I48,C2,45,PF1,R1,0,A1,B2
S3,I49,C3,53,PF1,R1,0,A2,B1
S3,I50,C4,56,PF1,R1,0,A2,B2
S3,I51,C1,13,PF1,R1,0,A1,B1
S3,I52,C2,51,PF1,R1,0,A1,B2
S3,I53,C3,9,PF1,R1,0,A2,B1
S3,I54,C4,55,PF1,R1,0,A2,B2
S3,I55,C1,50,PF1,R1,0,A1,B1
S3,I56,C2,60,PF1,R1,0,A1,B2
S3,I57,C3,22,PF1,R1,0,A2,B1
S3,I58,C4,64,PF1,R1,0,A2,B2
S3,I59,C1,65,PF1,R1,1,A1,B1
S3,I60,C2,24,PF1,R1,1,A1,B2
S3,I61,C3,33,PF1,R1,0,A2,B1
S3,I62,C4,62,PF1,R1,0,A2,B2
S3,I63,C1,1,PF1,R1,0,A1,B1
S3,I64,C2,52,PF1,R1,0,A1,B2
S4,I1,C4,24,PF1,R1,0,A2,B2
S4,I2,C1,21,PF1,R1,0,A1,B1
S4,I3,C2,48,PF1,R1,0,A1,B2
S4,I4,C3,18,PF1,R1,0,A2,B1
S4,I5,C4,4,PF1,R1,0,A2,B2
S4,I6,C1,37,PF1,R1,0,A1,B1
S4,I7,C2,38,PF1,R1,0,A1,B2
S4,I8,C3,53,PF1,R1,0,A2,B1
S4,I9,C4,22,PF1,R1,0,A2,B2
S4,I10,C1,59,PF1,R1,0,A1,B1
S4,I11,C2,27,PF1,R1,0,A1,B2
S4,I12,C3,30,PF1,R1,0,A2,B1
S4,I13,C4,25,PF1,R1,0,A2,B2
S4,I14,C1,17,PF1,R1,0,A1,B1
S4,I15,C2,58,PF1,R1,0,A1,B2
S4,I16,C3,3,PF1,R1,0,A2,B1
S4,I17,C4,61,PF1,R1,0,A2,B2
S4,I18,C1,20,PF1,R1,0,A1,B1
S4,I19,C2,54,PF1,R1,0,A1,B2
S4,I20,C3,39,PF1,R1,0,A2,B1
S4,I21,C4,23,PF1,R1,0,A2,B2
S4,I22,C1,55,PF1,R1,0,A1,B1
S4,I23,C2,35,PF1,R1,0,A1,B2
S4,I24,C3,50,PF1,R1,0,A2,B1
S4,I25,C4,41,PF1,R1,0,A2,B2
S4,I26,C1,42,PF1,R1,0,A1,B1
S4,I27,C2,5,PF1,R1,0,A1,B2
S4,I28,C3,2,PF1,R1,0,A2,B1
S4,I29,C4,44,PF1,R1,0,A2,B2
S4,I30,C1,32,PF1,R1,0,A1,B1
S4,I31,C2,57,PF1,R1,0,A1,B2
S4,I32,C3,26,PF1,R1,0,A2,B1
S4,I33,C4,8,PF1,R1,0,A2,B2
S4,I34,C1,16,PF1,R1,0,A1,B1
S4,I35,C2,14,PF1,R1,0,A1,B2
S4,I36,C3,40,PF1,R1,0,A2,B1
S4,I37,C4,1,PF1,R1,0,A2,B2
S4,I38,C1,36,PF1,R1,0,A1,B1
S4,I39,C2,19,PF1,R1,0,A1,B2
S4,I40,C3,11,PF1,R1,0,A2,B1
S4,I41,C4,64,PF1,R1,0,A2,B2
S4,I42,C1,56,PF1,R1,0,A1,B1
S4,I43,C2,28,PF1,R1,0,A1,B2
S4,I44,C3,29,PF1,R1,0,A2,B1
S4,I45,C4,12,PF1,R1,0,A2,B2
S4,I46,C1,15,PF1,R1,0,A1,B1
S4,I47,C2,43,PF1,R1,0,A1,B2
S4,I48,C3,63,PF1,R1,0,A2,B1
S4,I49,C4,62,PF1,R1,0,A2,B2
S4,I50,C1,34,PF1,R1,0,A1,B1
S4,I51,C2,46,PF1,R1,0,A1,B2
S4,I52,C3,52,PF1,R1,0,A2,B1
S4,I53,C4,9,PF1,R1,0,A2,B2
S4,I54,C1,49,PF1,R1,0,A1,B1
S4,I55,C2,13,PF1,R1,0,A1,B2
S4,I56,C3,51,PF1,R1,0,A2,B1
S4,I57,C4,10,PF1,R1,0,A2,B2
S4,I58,C1,6,PF1,R1,0,A1,B1
S4,I59,C2,33,PF1,R1,0,A1,B2
S4,I60,C3,45,PF1,R1,0,A2,B1
S4,I61,C4,60,PF1,R1,0,A2,B2
S4,I62,C1,7,PF1,R1,0,A1,B1
S4,I63,C2,31,PF1,R1,0,A1,B2
S4,I64,C3,47,PF1,R1,0,A2,B1
S5,I1,C1,57,PF1,R1,0,A1,B1
S5,I2,C2,27,PF1,R1,0,A1,B2
S5,I4,C4,48,PF1,R1,0,A2,B2
S5,I5,C1,7,PF1,R1,0,A1,B1
S5,I6,C2,10,PF1,R1,0,A1,B2
S5,I7,C3,19,PF1,R1,0,A2,B1
S5,I8,C4,37,PF1,R1,0,A2,B2
S5,I9,C1,18,PF1,R1,0,A1,B1
S5,I10,C2,2,PF1,R1,0,A1,B2
S5,I11,C3,14,PF1,R1,0,A2,B1
S5,I12,C4,28,PF1,R1,0,A2,B2
S5,I13,C1,13,PF1,R1,0,A1,B1
S5,I14,C2,29,PF1,R1,0,A1,B2
S5,I15,C3,4,PF1,R1,0,A2,B1
S5,I16,C4,34,PF1,R1,0,A2,B2
S5,I17,C1,22,PF1,R1,0,A1,B1
S5,I18,C2,65,PF1,R1,0,A1,B2
S5,I19,C3,47,PF1,R1,0,A2,B1
S5,I20,C4,45,PF1,R1,0,A2,B2
S5,I21,C1,15,PF1,R1,0,A1,B1
S5,I22,C2,11,PF1,R1,0,A1,B2
S5,I23,C3,35,PF1,R1,0,A2,B1
S5,I24,C4,56,PF1,R1,0,A2,B2
S5,I25,C1,38,PF1,R1,0,A1,B1
S5,I26,C2,42,PF1,R1,0,A1,B2
S5,I27,C3,43,PF1,R1,0,A2,B1
S5,I28,C4,50,PF1,R1,0,A2,B2
S5,I29,C1,8,PF1,R1,0,A1,B1
S5,I30,C2,49,PF1,R1,0,A1,B2
S5,I31,C3,53,PF1,R1,0,A2,B1
S5,I32,C4,40,PF1,R1,0,A2,B2
S5,I33,C1,3,PF1,R1,0,A1,B1
S5,I34,C2,25,PF1,R1,0,A1,B2
S5,I35,C3,16,PF1,R1,0,A2,B1
S5,I36,C4,44,PF1,R1,0,A2,B2
S5,I37,C1,33,PF1,R1,0,A1,B1
S5,I38,C2,39,PF1,R1,0,A1,B2
S5,I39,C3,17,PF1,R1,0,A2,B1
S5,I40,C4,61,PF1,R1,0,A2,B2
S5,I41,C1,12,PF1,R1,0,A1,B1
S5,I42,C2,46,PF1,R1,0,A1,B2
S5,I43,C3,41,PF1,R1,0,A2,B1
S5,I44,C4,62,PF1,R1,0,A2,B2
S5,I45,C1,31,PF1,R1,0,A1,B1
S5,I46,C2,55,PF1,R1,0,A1,B2
S5,I47,C3,23,PF1,R1,0,A2,B1
S5,I48,C4,5,PF1,R1,0,A2,B2
S5,I49,C1,59,PF1,R1,0,A1,B1
S5,I50,C2,58,PF1,R1,0,A1,B2
S5,I51,C3,32,PF1,R1,0,A2,B1
S5,I52,C4,30,PF1,R1,0,A2,B2
S5,I53,C1,24,PF1,R1,0,A1,B1
S5,I54,C2,54,PF1,R1,0,A1,B2
S5,I55,C3,52,PF1,R1,0,A2,B1
S5,I56,C4,64,PF1,R1,0,A2,B2
S5,I57,C1,26,PF1,R1,0,A1,B1
S5,I58,C2,21,PF1,R1,0,A1,B2
S5,I59,C3,36,PF1,R1,0,A2,B1
S5,I61,C1,1,PF1,R1,0,A1,B1
S5,I62,C2,20,PF1,R1,0,A1,B2
S5,I63,C3,63,PF1,R1,0,A2,B1
S5,I64,C4,9,PF1,R1,0,A2,B2
S6,I1,C2,20,PF1,R1,0,A1,B2
S6,I2,C3,39,PF1,R1,0,A2,B1
S6,I3,C4,3,PF1,R1,0,A2,B2
S6,I4,C1,24,PF1,R1,0,A1,B1
S6,I5,C2,13,PF1,R1,0,A1,B2
S6,I6,C3,28,PF1,R1,0,A2,B1
S6,I7,C4,36,PF1,R1,0,A2,B2
S6,I8,C1,44,PF1,R1,0,A1,B1
S6,I9,C2,41,PF1,R1,0,A1,B2
S6,I10,C3,50,PF1,R1,0,A2,B1
S6,I11,C4,5,PF1,R1,0,A2,B2
S6,I12,C1,38,PF1,R1,0,A1,B1
S6,I13,C2,62,PF1,R1,0,A1,B2
S6,I14,C3,11,PF1,R1,0,A2,B1
S6,I15,C4,57,PF1,R1,0,A2,B2
S6,I16,C1,34,PF1,R1,0,A1,B1
S6,I17,C2,4,PF1,R1,0,A1,B2
S6,I18,C3,49,PF1,R1,0,A2,B1
S6,I19,C4,2,PF1,R1,0,A2,B2
S6,I20,C1,58,PF1,R1,0,A1,B1
S6,I21,C2,22,PF1,R1,0,A1,B2
S6,I22,C3,31,PF1,R1,0,A2,B1
S6,I23,C4,32,PF1,R1,0,A2,B2
S6,I24,C1,61,PF1,R1,0,A1,B1
S6,I25,C2,21,PF1,R1,0,A1,B2
S6,I26,C3,25,PF1,R1,0,A2,B1
S6,I27,C4,17,PF1,R1,0,A2,B2
S6,I28,C1,23,PF1,R1,0,A1,B1
S6,I29,C2,45,PF1,R1,0,A1,B2
S6,I30,C3,53,PF1,R1,0,A2,B1
S6,I31,C4,10,PF1,R1,0,A2,B2
S6,I32,C1,40,PF1,R1,0,A1,B1
S6,I33,C2,56,PF1,R1,0,A1,B2
S6,I34,C3,60,PF1,R1,0,A2,B1
S6,I35,C4,9,PF1,R1,0,A2,B2
S6,I36,C1,1,PF1,R1,0,A1,B1
S6,I37,C2,63,PF1,R1,0,A1,B2
S6,I38,C3,37,PF1,R1,0,A2,B1
S6,I39,C4,48,PF1,R1,0,A2,B2
S6,I40,C1,46,PF1,R1,0,A1,B1
S6,I41,C2,35,PF1,R1,0,A1,B2
S6,I42,C3,65,PF1,R1,0,A2,B1
S6,I43,C4,18,PF1,R1,0,A2,B2
S6,I44,C1,26,PF1,R1,0,A1,B1
S6,I45,C2,55,PF1,R1,0,A1,B2
S6,I46,C3,54,PF1,R1,0,A2,B1
S6,I47,C4,30,PF1,R1,0,A2,B2
S6,I48,C1,59,PF1,R1,0,A1,B1
S6,I49,C2,33,PF1,R1,0,A1,B2
S6,I50,C3,6,PF1,R1,0,A2,B1
S6,I51,C4,47,PF1,R1,0,A2,B2
S6,I52,C1,42,PF1,R1,0,A1,B1
S6,I53,C2,8,PF1,R1,0,A1,B2
S6,I54,C3,15,PF1,R1,0,A2,B1
S6,I55,C4,51,PF1,R1,0,A2,B2
S6,I56,C1,12,PF1,R1,0,A1,B1
S6,I57,C2,64,PF1,R1,0,A1,B2
S6,I58,C3,43,PF1,R1,0,A2,B1
S6,I59,C4,14,PF1,R1,0,A2,B2
S6,I60,C1,27,PF1,R1,0,A1,B1
S6,I61,C2,7,PF1,R1,0,A1,B2
S6,I62,C3,29,PF1,R1,0,A2,B1
S6,I63,C4,19,PF1,R1,0,A2,B2
S6,I64,C1,52,PF1,R1,0,A1,B1
S7,I1,C3,48,PF1,R1,0,A2,B1
S7,I2,C4,36,PF1,R1,0,A2,B2
S7,I3,C1,45,PF1,R1,0,A1,B1
S7,I4,C2,20,PF1,R1,0,A1,B2
S7,I5,C3,19,PF1,R1,0,A2,B1
S7,I6,C4,40,PF1,R1,0,A2,B2
S7,I7,C1,35,PF1,R1,0,A1,B1
S7,I8,C2,49,PF1,R1,0,A1,B2
S7,I9,C3,56,PF1,R1,0,A2,B1
S7,I10,C4,16,PF1,R1,0,A2,B2
S7,I11,C1,62,PF1,R1,0,A1,B1
S7,I12,C2,13,PF1,R1,0,A1,B2
S7,I13,C3,7,PF1,R1,0,A2,B1
S7,I14,C4,66,PF1,R1,0,A2,B2
S7,I15,C1,63,PF1,R1,0,A1,B1
S7,I16,C2,64,PF1,R1,0,A1,B2
S7,I17,C3,44,PF1,R1,0,A2,B1
S7,I18,C4,42,PF1,R1,0,A2,B2
S7,I19,C1,17,PF1,R1,0,A1,B1
S7,I20,C2,39,PF1,R1,0,A1,B2
S7,I21,C3,46,PF1,R1,0,A2,B1
S7,I22,C4,51,PF1,R1,0,A2,B2
S7,I23,C1,2,PF1,R1,0,A1,B1
S7,I24,C2,57,PF1,R1,0,A1,B2
S7,I25,C3,47,PF1,R1,0,A2,B1
S7,I27,C1,23,PF1,R1,0,A1,B1
S7,I28,C2,18,PF1,R1,0,A1,B2
S7,I29,C3,33,PF1,R1,0,A2,B1
S7,I30,C4,34,PF1,R1,0,A2,B2
S7,I31,C1,22,PF1,R1,0,A1,B1
S7,I32,C2,28,PF1,R1,0,A1,B2
S7,I33,C3,38,PF1,R1,0,A2,B1
S7,I34,C4,24,PF1,R1,0,A2,B2
S7,I35,C1,43,PF1,R1,0,A1,B1
S7,I36,C2,4,PF1,R1,0,A1,B2
S7,I37,C3,3,PF1,R1,0,A2,B1
S7,I38,C4,11,PF1,R1,0,A2,B2
S7,I39,C1,29,PF1,R1,0,A1,B1
S7,I40,C2,30,PF1,R1,0,A1,B2
S7,I41,C3,32,PF1,R1,0,A2,B1
S7,I42,C4,31,PF1,R1,0,A2,B2
S7,I43,C1,10,PF1,R1,0,A1,B1
S7,I44,C2,52,PF1,R1,0,A1,B2
S7,I45,C3,21,PF1,R1,0,A2,B1
S7,I47,C1,25,PF1,R1,0,A1,B1
S7,I48,C2,27,PF1,R1,0,A1,B2
S7,I49,C3,60,PF1,R1,0,A2,B1
S7,I50,C4,50,PF1,R1,0,A2,B2
S7,I51,C1,15,PF1,R1,0,A1,B1
S7,I52,C2,67,PF1,R1,0,A1,B2
S7,I53,C3,58,PF1,R1,0,A2,B1
S7,I54,C4,1,PF1,R1,0,A2,B2
S7,I55,C1,55,PF1,R1,0,A1,B1
S7,I56,C2,59,PF1,R1,0,A1,B2
S7,I57,C3,41,PF1,R1,0,A2,B1
S7,I58,C4,14,PF1,R1,0,A2,B2
S7,I59,C1,54,PF1,R1,0,A1,B1
S7,I60,C2,65,PF1,R1,0,A1,B2
S7,I61,C3,37,PF1,R1,0,A2,B1
S7,I62,C4,53,PF1,R1,0,A2,B2
S7,I63,C1,61,PF1,R1,0,A1,B1
S7,I64,C2,12,PF1,R1,0,A1,B2
S8,I1,C4,43,PF1,R1,0,A2,B2
S8,I2,C1,25,PF1,R1,0,A1,B1
S8,I3,C2,58,PF1,R1,0,A1,B2
S8,I4,C3,4,PF1,R1,0,A2,B1
S8,I5,C4,36,PF1,R1,0,A2,B2
S8,I6,C1,30,PF1,R1,0,A1,B1
S8,I7,C2,41,PF1,R1,0,A1,B2
S8,I8,C3,23,PF1,R1,0,A2,B1
S8,I9,C4,56,PF1,R1,0,A2,B2
S8,I11,C2,33,PF1,R1,0,A1,B2
S8,I12,C3,32,PF1,R1,0,A2,B1
S8,I13,C4,12,PF1,R1,0,A2,B2
S8,I14,C1,16,PF1,R1,0,A1,B1
S8,I15,C2,8,PF1,R1,0,A1,B2
S8,I16,C3,66,PF1,R1,0,A2,B1
S8,I17,C4,35,PF1,R1,0,A2,B2
S8,I18,C1,49,PF1,R1,0,A1,B1
S8,I19,C2,20,PF1,R1,0,A1,B2
S8,I20,C3,48,PF1,R1,0,A2,B1
S8,I21,C4,22,PF1,R1,0,A2,B2
S8,I22,C1,15,PF1,R1,0,A1,B1
S8,I23,C2,27,PF1,R1,0,A1,B2
S8,I24,C3,18,PF1,R1,0,A2,B1
S8,I25,C4,7,PF1,R1,0,A2,B2
S8,I26,C1,21,PF1,R1,0,A1,B1
S8,I27,C2,52,PF1,R1,0,A1,B2
S8,I28,C3,5,PF1,R1,0,A2,B1
S8,I29,C4,42,PF1,R1,0,A2,B2
S8,I30,C1,2,PF1,R1,0,A1,B1
S8,I31,C2,3,PF1,R1,0,A1,B2
S8,I32,C3,47,PF1,R1,0,A2,B1
S8,I33,C4,29,PF1,R1,0,A2,B2
S8,I34,C1,19,PF1,R1,0,A1,B1
S8,I35,C2,50,PF1,R1,0,A1,B2
S8,I36,C3,13,PF1,R1,0,A2,B1
S8,I37,C4,14,PF1,R1,0,A2,B2
S8,I38,C1,55,PF1,R1,0,A1,B1
S8,I39,C2,62,PF1,R1,0,A1,B2
S8,I40,C3,38,PF1,R1,0,A2,B1
S8,I41,C4,45,PF1,R1,0,A2,B2
S8,I42,C1,60,PF1,R1,0,A1,B1
S8,I43,C2,51,PF1,R1,0,A1,B2
S8,I44,C3,40,PF1,R1,0,A2,B1
S8,I45,C4,59,PF1,R1,0,A2,B2
S8,I46,C1,26,PF1,R1,0,A1,B1
S8,I47,C2,1,PF1,R1,0,A1,B2
S8,I48,C3,37,PF1,R1,0,A2,B1
S8,I49,C4,31,PF1,R1,0,A2,B2
S8,I50,C1,64,PF1,R1,0,A1,B1
S8,I51,C2,46,PF1,R1,0,A1,B2
S8,I52,C3,6,PF1,R1,0,A2,B1
S8,I53,C4,57,PF1,R1,0,A2,B2
S8,I54,C1,34,PF1,R1,0,A1,B1
S8,I55,C2,39,PF1,R1,0,A1,B2
S8,I56,C3,63,PF1,R1,0,A2,B1
S8,I57,C4,61,PF1,R1,0,A2,B2
S8,I58,C1,65,PF1,R1,0,A1,B1
S8,I59,C2,44,PF1,R1,0,A1,B2
S8,I60,C3,28,PF1,R1,0,A2,B1
S8,I61,C4,53,PF1,R1,0,A2,B2
S8,I63,C2,24,PF1,R1,0,A1,B2
S8,I64,C3,17,PF1,R1,0,A2,B1
S9,I1,C1,21,PF1,R1,0,A1,B1
S9,I2,C2,65,PF1,R1,0,A1,B2
S9,I3,C3,66,PF1,R1,0,A2,B1
S9,I4,C4,19,PF1,R1,0,A2,B2
S9,I5,C1,16,PF1,R1,0,A1,B1
S9,I6,C2,53,PF1,R1,0,A1,B2
S9,I7,C3,31,PF1,R1,0,A2,B1
S9,I8,C4,67,PF1,R1,0,A2,B2
S9,I9,C1,63,PF1,R1,0,A1,B1
S9,I10,C2,47,PF1,R1,0,A1,B2
S9,I11,C3,36,PF1,R1,0,A2,B1
S9,I12,C4,13,PF1,R1,0,A2,B2
S9,I13,C1,58,PF1,R1,0,A1,B1
S9,I14,C2,41,PF1,R1,0,A1,B2
S9,I15,C3,46,PF1,R1,0,A2,B1
S9,I16,C4,2,PF1,R1,0,A2,B2
S9,I17,C1,50,PF1,R1,0,A1,B1
S9,I18,C2,44,PF1,R1,0,A1,B2
S9,I19,C3,7,PF1,R1,0,A2,B1
S9,I20,C4,14,PF1,R1,0,A2,B2
S9,I21,C1,18,PF1,R1,0,A1,B1
S9,I22,C2,26,PF1,R1,0,A1,B2
S9,I24,C4,24,PF1,R1,0,A2,B2
S9,I25,C1,3,PF1,R1,0,A1,B1
S9,I26,C2,55,PF1,R1,0,A1,B2
S9,I27,C3,40,PF1,R1,0,A2,B1
S9,I28,C4,4,PF1,R1,0,A2,B2
S9,I29,C1,37,PF1,R1,0,A1,B1
S9,I30,C2,61,PF1,R1,0,A1,B2
S9,I31,C3,23,PF1,R1,0,A2,B1
S9,I33,C1,1,PF1,R1,0,A1,B1
S9,I34,C2,9,PF1,R1,0,A1,B2
S9,I36,C4,57,PF1,R1,0,A2,B2
S9,I37,C1,54,PF1,R1,0,A1,B1
S9,I39,C3,28,PF1,R1,0,A2,B1
S9,I40,C4,38,PF1,R1,0,A2,B2
S9,I41,C1,27,PF1,R1,0,A1,B1
S9,I42,C2,15,PF1,R1,0,A1,B2
S9,I43,C3,62,PF1,R1,0,A2,B1
S9,I44,C4,25,PF1,R1,0,A2,B2
S9,I45,C1,35,PF1,R1,0,A1,B1
S9,I46,C2,52,PF1,R1,0,A1,B2
S9,I47,C3,17,PF1,R1,0,A2,B1
S9,I48,C4,56,PF1,R1,0,A2,B2
S9,I49,C1,5,PF1,R1,0,A1,B1
S9,I50,C2,51,PF1,R1,0,A1,B2
S9,I51,C3,45,PF1,R1,0,A2,B1
S9,I52,C4,32,PF1,R1,0,A2,B2
S9,I53,C1,49,PF1,R1,0,A1,B1
S9,I56,C4,48,PF1,R1,0,A2,B2
S9,I57,C1,42,PF1,R1,0,A1,B1
S9,I58,C2,29,PF1,R1,0,A1,B2
S9,I59,C3,43,PF1,R1,0,A2,B1
S9,I60,C4,22,PF1,R1,0,A2,B2
S9,I61,C1,11,PF1,R1,0,A1,B1
S9,I62,C2,30,PF1,R1,0,A1,B2
S10,I1,C2,29,PF1,R1,0,A1,B2
S10,I2,C3,23,PF1,R1,0,A2,B1
S10,I3,C4,48,PF1,R1,0,A2,B2
S10,I4,C1,55,PF1,R1,0,A1,B1
S10,I5,C2,21,PF1,R1,0,A1,B2
S10,I6,C3,7,PF1,R1,0,A2,B1
S10,I7,C4,40,PF1,R1,0,A2,B2
S10,I8,C1,44,PF1,R1,0,A1,B1
S10,I9,C2,56,PF1,R1,0,A1,B2
S10,I10,C3,11,PF1,R1,0,A2,B1
S10,I11,C4,27,PF1,R1,0,A2,B2
S10,I12,C1,42,PF1,R1,0,A1,B1
S10,I13,C2,8,PF1,R1,1,A1,B2
S10,I14,C3,63,PF1,R1,0,A2,B1
S10,I15,C4,36,PF1,R1,0,A2,B2
S10,I16,C1,38,PF1,R1,0,A1,B1
S10,I17,C2,62,PF1,R1,1,A1,B2
S10,I18,C3,33,PF1,R1,0,A2,B1
S10,I19,C4,19,PF1,R1,1,A2,B2
S10,I20,C1,51,PF1,R1,0,A1,B1
S10,I21,C2,18,PF1,R1,0,A1,B2
S10,I22,C3,64,PF1,R1,0,A2,B1
S10,I23,C4,17,PF1,R1,0,A2,B2
S10,I24,C1,22,PF1,R1,1,A1,B1
S10,I25,C2,2,PF1,R1,0,A1,B2
S10,I26,C3,9,PF1,R1,0,A2,B1
S10,I27,C4,3,PF1,R1,0,A2,B2
S10,I28,C1,31,PF1,R1,1,A1,B1
S10,I29,C2,13,PF1,R1,0,A1,B2
S10,I30,C3,60,PF1,R1,0,A2,B1
S10,I31,C4,30,PF1,R1,0,A2,B2
S10,I32,C1,45,PF1,R1,1,A1,B1
S10,I33,C2,26,PF1,R1,0,A1,B2
S10,I34,C3,50,PF1,R1,1,A2,B1
S10,I35,C4,59,PF1,R1,0,A2,B2
S10,I36,C1,6,PF1,R1,1,A1,B1
S10,I37,C2,41,PF1,R1,0,A1,B2
S10,I38,C3,46,PF1,R1,0,A2,B1
S10,I39,C4,47,PF1,R1,0,A2,B2
S10,I40,C1,28,PF1,R1,0,A1,B1
S10,I41,C2,35,PF1,R1,0,A1,B2
S10,I42,C3,53,PF1,R1,0,A2,B1
S10,I43,C4,39,PF1,R1,0,A2,B2
S10,I44,C1,49,PF1,R1,0,A1,B1
S10,I45,C2,20,PF1,R1,0,A1,B2
S10,I46,C3,57,PF1,R1,0,A2,B1
S10,I47,C4,14,PF1,R1,0,A2,B2
S10,I48,C1,10,PF1,R1,0,A1,B1
S10,I49,C2,12,PF1,R1,0,A1,B2
S10,I50,C3,32,PF1,R1,1,A2,B1
S10,I51,C4,52,PF1,R1,0,A2,B2
S10,I52,C1,43,PF1,R1,0,A1,B1
S10,I53,C2,24,PF1,R1,0,A1,B2
S10,I54,C3,34,PF1,R1,1,A2,B1
S10,I55,C4,58,PF1,R1,0,A2,B2
S10,I56,C1,16,PF1,R1,0,A1,B1
S10,I57,C2,54,PF1,R1,0,A1,B2
S10,I58,C3,25,PF1,R1,0,A2,B1
S10,I59,C4,37,PF1,R1,0,A2,B2
S10,I60,C1,4,PF1,R1,0,A1,B1
S10,I61,C2,15,PF1,R1,0,A1,B2
S10,I62,C3,5,PF1,R1,1,A2,B1
S10,I63,C4,61,PF1,R1,0,A2,B2
S10,I64,C1,65,PF1,R1,0,A1,B1
S11,I1,C3,4,PF1,R1,0,A2,B1
S11,I2,C4,55,PF1,R1,0,A2,B2
S11,I3,C1,54,PF1,R1,0,A1,B1
S11,I4,C2,51,PF1,R1,0,A1,B2
S11,I5,C3,5,PF1,R1,0,A2,B1
S11,I6,C4,35,PF1,R1,0,A2,B2
S11,I7,C1,21,PF1,R1,0,A1,B1
S11,I8,C2,34,PF1,R1,0,A1,B2
S11,I9,C3,56,PF1,R1,0,A2,B1
S11,I10,C4,32,PF1,R1,0,A2,B2
S11,I12,C2,42,PF1,R1,0,A1,B2
S11,I13,C3,27,PF1,R1,0,A2,B1
S11,I14,C4,9,PF1,R1,0,A2,B2
S11,I15,C1,25,PF1,R1,0,A1,B1
S11,I16,C2,45,PF1,R1,0,A1,B2
S11,I17,C3,10,PF1,R1,0,A2,B1
S11,I18,C4,28,PF1,R1,0,A2,B2
S11,I19,C1,47,PF1,R1,0,A1,B1
S11,I20,C2,50,PF1,R1,0,A1,B2
S11,I21,C3,30,PF1,R1,0,A2,B1
S11,I22,C4,31,PF1,R1,0,A2,B2
S11,I23,C1,11,PF1,R1,0,A1,B1
S11,I24,C2,19,PF1,R1,0,A1,B2
S11,I25,C3,29,PF1,R1,0,A2,B1
S11,I26,C4,12,PF1,R1,0,A2,B2
S11,I27,C1,2,PF1,R1,0,A1,B1
S11,I28,C2,13,PF1,R1,0,A1,B2
S11,I29,C3,63,PF1,R1,0,A2,B1
S11,I30,C4,41,PF1,R1,0,A2,B2
S11,I31,C1,49,PF1,R1,0,A1,B1
S11,I32,C2,33,PF1,R1,0,A1,B2
S11,I33,C3,22,PF1,R1,0,A2,B1
S11,I34,C4,43,PF1,R1,0,A2,B2
S11,I35,C1,7,PF1,R1,0,A1,B1
S11,I36,C2,48,PF1,R1,0,A1,B2
S11,I37,C3,59,PF1,R1,0,A2,B1
S11,I38,C4,40,PF1,R1,0,A2,B2
S11,I39,C1,6,PF1,R1,0,A1,B1
S11,I40,C2,39,PF1,R1,0,A1,B2
S11,I41,C3,15,PF1,R1,0,A2,B1
S11,I42,C4,64,PF1,R1,0,A2,B2
S11,I43,C1,46,PF1,R1,0,A1,B1
S11,I44,C2,62,PF1,R1,0,A1,B2
S11,I45,C3,38,PF1,R1,0,A2,B1
S11,I46,C4,60,PF1,R1,0,A2,B2
S11,I47,C1,8,PF1,R1,0,A1,B1
S11,I48,C2,52,PF1,R1,0,A1,B2
S11,I49,C3,14,PF1,R1,0,A2,B1
S11,I50,C4,16,PF1,R1,0,A2,B2
S11,I51,C1,37,PF1,R1,0,A1,B1
S11,I52,C2,61,PF1,R1,0,A1,B2
S11,I53,C3,36,PF1,R1,0,A2,B1
S11,I54,C4,58,PF1,R1,0,A2,B2
S11,I55,C1,57,PF1,R1,0,A1,B1
S11,I57,C3,23,PF1,R1,0,A2,B1
S11,I58,C4,18,PF1,R1,0,A2,B2
S11,I59,C1,3,PF1,R1,0,A1,B1
S11,I60,C2,1,PF1,R1,0,A1,B2
S11,I61,C3,17,PF1,R1,0,A2,B1
S11,I62,C4,24,PF1,R1,0,A2,B2
S11,I63,C1,44,PF1,R1,0,A1,B1
S11,I64,C2,53,PF1,R1,0,A1,B2
S12,I1,C4,14,PF1,R1,0,A2,B2
S12,I2,C1,4,PF1,R1,0,A1,B1
S12,I3,C2,1,PF1,R1,0,A1,B2
S12,I4,C3,31,PF1,R1,0,A2,B1
S12,I5,C4,11,PF1,R1,0,A2,B2
S12,I6,C1,28,PF1,R1,0,A1,B1
S12,I7,C2,27,PF1,R1,0,A1,B2
S12,I8,C3,2,PF1,R1,0,A2,B1
S12,I9,C4,65,PF1,R1,0,A2,B2
S12,I10,C1,48,PF1,R1,0,A1,B1
S12,I11,C2,17,PF1,R1,0,A1,B2
S12,I12,C3,12,PF1,R1,0,A2,B1
S12,I13,C4,7,PF1,R1,0,A2,B2
S12,I14,C1,23,PF1,R1,0,A1,B1
S12,I15,C2,63,PF1,R1,0,A1,B2
S12,I16,C3,25,PF1,R1,1,A2,B1
S12,I17,C4,26,PF1,R1,0,A2,B2
S12,I18,C1,51,PF1,R1,0,A1,B1
S12,I19,C2,59,PF1,R1,0,A1,B2
S12,I20,C3,18,PF1,R1,0,A2,B1
S12,I21,C4,36,PF1,R1,0,A2,B2
S12,I22,C1,15,PF1,R1,0,A1,B1
S12,I23,C2,46,PF1,R1,0,A1,B2
S12,I24,C3,58,PF1,R1,0,A2,B1
S12,I25,C4,62,PF1,R1,0,A2,B2
S12,I26,C1,47,PF1,R1,0,A1,B1
S12,I27,C2,21,PF1,R1,0,A1,B2
S12,I28,C3,16,PF1,R1,0,A2,B1
S12,I29,C4,45,PF1,R1,0,A2,B2
S12,I30,C1,42,PF1,R1,0,A1,B1
S12,I31,C2,19,PF1,R1,0,A1,B2
S12,I32,C3,8,PF1,R1,0,A2,B1
S12,I33,C4,41,PF1,R1,0,A2,B2
S12,I34,C1,64,PF1,R1,0,A1,B1
S12,I35,C2,24,PF1,R1,0,A1,B2
S12,I36,C3,39,PF1,R1,0,A2,B1
S12,I37,C4,55,PF1,R1,0,A2,B2
S12,I38,C1,32,PF1,R1,0,A1,B1
S12,I39,C2,56,PF1,R1,0,A1,B2
S12,I40,C3,61,PF1,R1,0,A2,B1
S12,I41,C4,10,PF1,R1,0,A2,B2
S12,I42,C1,52,PF1,R1,0,A1,B1
S12,I43,C2,50,PF1,R1,0,A1,B2
S12,I44,C3,5,PF1,R1,0,A2,B1
S12,I45,C4,9,PF1,R1,0,A2,B2
S12,I46,C1,37,PF1,R1,0,A1,B1
S12,I47,C2,6,PF1,R1,0,A1,B2
S12,I48,C3,34,PF1,R1,0,A2,B1
S12,I49,C4,40,PF1,R1,0,A2,B2
S12,I50,C1,53,PF1,R1,0,A1,B1
S12,I51,C2,3,PF1,R1,0,A1,B2
S12,I52,C3,33,PF1,R1,0,A2,B1
S12,I53,C4,22,PF1,R1,1,A2,B2
S12,I54,C1,29,PF1,R1,0,A1,B1
S12,I55,C2,54,PF1,R1,0,A1,B2
S12,I56,C3,57,PF1,R1,0,A2,B1
S12,I57,C4,44,PF1,R1,0,A2,B2
S12,I58,C1,35,PF1,R1,0,A1,B1
S12,I59,C2,38,PF1,R1,0,A1,B2
S12,I60,C3,30,PF1,R1,0,A2,B1
S12,I61,C4,43,PF1,R1,0,A2,B2
S12,I62,C1,20,PF1,R1,0,A1,B1
S12,I63,C2,49,PF1,R1,0,A1,B2
S12,I64,C3,60,PF1,R1,0,A2,B1
S13,I1,C1,57,PF1,R1,0,A1,B1
S13,I2,C2,45,PF1,R1,0,A1,B2
S13,I3,C3,18,PF1,R1,0,A2,B1
S13,I4,C4,15,PF1,R1,0,A2,B2
S13,I5,C1,49,PF1,R1,0,A1,B1
S13,I6,C2,47,PF1,R1,0,A1,B2
S13,I7,C3,14,PF1,R1,0,A2,B1
S13,I8,C4,64,PF1,R1,0,A2,B2
S13,I9,C1,20,PF1,R1,0,A1,B1
S13,I10,C2,42,PF1,R1,0,A1,B2
S13,I11,C3,3,PF1,R1,0,A2,B1
S13,I12,C4,37,PF1,R1,0,A2,B2
S13,I13,C1,34,PF1,R1,0,A1,B1
S13,I14,C2,16,PF1,R1,0,A1,B2
S13,I15,C3,36,PF1,R1,0,A2,B1
S13,I16,C4,8,PF1,R1,0,A2,B2
S13,I17,C1,43,PF1,R1,0,A1,B1
S13,I18,C2,44,PF1,R1,0,A1,B2
S13,I19,C3,10,PF1,R1,0,A2,B1
S13,I20,C4,65,PF1,R1,0,A2,B2
S13,I21,C1,55,PF1,R1,0,A1,B1
S13,I22,C2,31,PF1,R1,0,A1,B2
S13,I23,C3,1,PF1,R1,0,A2,B1
S13,I24,C4,21,PF1,R1,0,A2,B2
S13,I25,C1,24,PF1,R1,0,A1,B1
S13,I26,C2,35,PF1,R1,0,A1,B2
S13,I27,C3,12,PF1,R1,0,A2,B1
S13,I28,C4,30,PF1,R1,0,A2,B2
S13,I29,C1,26,PF1,R1,0,A1,B1
S13,I30,C2,6,PF1,R1,0,A1,B2
S13,I31,C3,4,PF1,R1,0,A2,B1
S13,I32,C4,23,PF1,R1,0,A2,B2
S13,I33,C1,46,PF1,R1,0,A1,B1
S13,I34,C2,28,PF1,R1,0,A1,B2
S13,I35,C3,40,PF1,R1,0,A2,B1
S13,I36,C4,38,PF1,R1,0,A2,B2
S13,I37,C1,56,PF1,R1,0,A1,B1
S13,I38,C2,61,PF1,R1,0,A1,B2
S13,I39,C3,27,PF1,R1,0,A2,B1
S13,I40,C4,2,PF1,R1,0,A2,B2
S13,I41,C1,60,PF1,R1,0,A1,B1
S13,I42,C2,59,PF1,R1,0,A1,B2
S13,I43,C3,53,PF1,R1,0,A2,B1
S13,I44,C4,39,PF1,R1,0,A2,B2
S13,I45,C1,25,PF1,R1,0,A1,B1
S13,I46,C2,9,PF1,R1,0,A1,B2
S13,I47,C3,13,PF1,R1,0,A2,B1
S13,I48,C4,17,PF1,R1,0,A2,B2
S13,I49,C1,51,PF1,R1,0,A1,B1
S13,I50,C2,62,PF1,R1,0,A1,B2
S13,I51,C3,32,PF1,R1,0,A2,B1
S13,I52,C4,63,PF1,R1,0,A2,B2
S13,I53,C1,33,PF1,R1,0,A1,B1
S13,I54,C2,19,PF1,R1,0,A1,B2
S13,I55,C3,50,PF1,R1,0,A2,B1
S13,I56,C4,7,PF1,R1,0,A2,B2
S13,I57,C1,54,PF1,R1,0,A1,B1
S13,I58,C2,52,PF1,R1,0,A1,B2
S13,I59,C3,29,PF1,R1,0,A2,B1
S13,I60,C4,11,PF1,R1,0,A2,B2
S13,I61,C1,22,PF1,R1,0,A1,B1
S13,I62,C2,5,PF1,R1,0,A1,B2
S13,I63,C3,48,PF1,R1,0,A2,B1
S13,I64,C4,58,PF1,R1,0,A2,B2
S14,I1,C2,49,PF1,R1,0,A1,B2
S14,I2,C3,56,PF1,R1,0,A2,B1
S14,I3,C4,22,PF1,R1,0,A2,B2
S14,I4,C1,9,PF1,R1,0,A1,B1
S14,I5,C2,31,PF1,R1,0,A1,B2
S14,I6,C3,58,PF1,R1,0,A2,B1
S14,I7,C4,63,PF1,R1,0,A2,B2
S14,I8,C1,28,PF1,R1,0,A1,B1
S14,I9,C2,43,PF1,R1,0,A1,B2
S14,I10,C3,54,PF1,R1,0,A2,B1
S14,I11,C4,23,PF1,R1,0,A2,B2
S14,I12,C1,16,PF1,R1,0,A1,B1
S14,I13,C2,33,PF1,R1,0,A1,B2
S14,I14,C3,5,PF1,R1,0,A2,B1
S14,I15,C4,12,PF1,R1,0,A2,B2
S14,I16,C1,41,PF1,R1,0,A1,B1
S14,I17,C2,19,PF1,R1,0,A1,B2
S14,I18,C3,7,PF1,R1,0,A2,B1
S14,I19,C4,1,PF1,R1,0,A2,B2
S14,I20,C1,3,PF1,R1,0,A1,B1
S14,I21,C2,27,PF1,R1,0,A1,B2
S14,I22,C3,36,PF1,R1,0,A2,B1
S14,I23,C4,59,PF1,R1,0,A2,B2
S14,I24,C1,45,PF1,R1,0,A1,B1
S14,I25,C2,11,PF1,R1,0,A1,B2
S14,I26,C3,20,PF1,R1,0,A2,B1
S14,I27,C4,48,PF1,R1,0,A2,B2
S14,I28,C1,44,PF1,R1,0,A1,B1
S14,I29,C2,21,PF1,R1,0,A1,B2
S14,I30,C3,15,PF1,R1,0,A2,B1
S14,I31,C4,64,PF1,R1,0,A2,B2
S14,I32,C1,24,PF1,R1,0,A1,B1
S14,I33,C2,46,PF1,R1,0,A1,B2
S14,I34,C3,55,PF1,R1,0,A2,B1
S14,I35,C4,4,PF1,R1,0,A2,B2
S14,I36,C1,39,PF1,R1,0,A1,B1
S14,I37,C2,50,PF1,R1,0,A1,B2
S14,I38,C3,18,PF1,R1,0,A2,B1
S14,I39,C4,62,PF1,R1,0,A2,B2
S14,I40,C1,26,PF1,R1,0,A1,B1
S14,I41,C2,65,PF1,R1,0,A1,B2
S14,I42,C3,52,PF1,R1,0,A2,B1
S14,I43,C4,61,PF1,R1,0,A2,B2
S14,I44,C1,35,PF1,R1,0,A1,B1
S14,I45,C2,2,PF1,R1,0,A1,B2
S14,I46,C3,30,PF1,R1,0,A2,B1
S14,I47,C4,51,PF1,R1,0,A2,B2
S14,I48,C1,13,PF1,R1,0,A1,B1
S14,I49,C2,37,PF1,R1,0,A1,B2
S14,I50,C3,32,PF1,R1,0,A2,B1
S14,I51,C4,10,PF1,R1,0,A2,B2
S14,I52,C1,57,PF1,R1,0,A1,B1
S14,I53,C2,6,PF1,R1,0,A1,B2
S14,I54,C3,60,PF1,R1,0,A2,B1
S14,I55,C4,8,PF1,R1,0,A2,B2
S14,I56,C1,38,PF1,R1,0,A1,B1
S14,I57,C2,42,PF1,R1,0,A1,B2
S14,I58,C3,40,PF1,R1,0,A2,B1
S14,I59,C4,29,PF1,R1,0,A2,B2
S14,I60,C1,14,PF1,R1,0,A1,B1
S14,I61,C2,25,PF1,R1,0,A1,B2
S14,I62,C3,53,PF1,R1,0,A2,B1
S14,I63,C4,47,PF1,R1,0,A2,B2
S14,I64,C1,17,PF1,R1,0,A1,B1
S15,I1,C3,11,PF1,R1,0,A2,B1
S15,I2,C4,49,PF1,R1,0,A2,B2
S15,I3,C1,9,PF1,R1,0,A1,B1
S15,I4,C2,62,PF1,R1,0,A1,B2
S15,I5,C3,37,PF1,R1,0,A2,B1
S15,I6,C4,26,PF1,R1,0,A2,B2
S15,I7,C1,39,PF1,R1,0,A1,B1
S15,I8,C2,63,PF1,R1,0,A1,B2
S15,I9,C3,4,PF1,R1,0,A2,B1
S15,I10,C4,27,PF1,R1,0,A2,B2
S15,I11,C1,7,PF1,R1,0,A1,B1
S15,I12,C2,42,PF1,R1,0,A1,B2
S15,I13,C3,50,PF1,R1,0,A2,B1
S15,I14,C4,8,PF1,R1,0,A2,B2
S15,I15,C1,22,PF1,R1,0,A1,B1
S15,I16,C2,2,PF1,R1,0,A1,B2
S15,I17,C3,35,PF1,R1,0,A2,B1
S15,I18,C4,30,PF1,R1,0,A2,B2
S15,I19,C1,33,PF1,R1,0,A1,B1
S15,I20,C2,59,PF1,R1,0,A1,B2
S15,I21,C3,1,PF1,R1,0,A2,B1
S15,I22,C4,51,PF1,R1,0,A2,B2
S15,I23,C1,15,PF1,R1,0,A1,B1
S15,I24,C2,52,PF1,R1,0,A1,B2
S15,I25,C3,17,PF1,R1,0,A2,B1
S15,I26,C4,44,PF1,R1,0,A2,B2
S15,I27,C1,55,PF1,R1,0,A1,B1
S15,I28,C2,19,PF1,R1,0,A1,B2
S15,I29,C3,25,PF1,R1,0,A2,B1
S15,I30,C4,53,PF1,R1,0,A2,B2
S15,I31,C1,6,PF1,R1,0,A1,B1
S15,I32,C2,43,PF1,R1,0,A1,B2
S15,I33,C3,60,PF1,R1,0,A2,B1
S15,I34,C4,34,PF1,R1,0,A2,B2
S15,I35,C1,57,PF1,R1,0,A1,B1
S15,I36,C2,45,PF1,R1,0,A1,B2
S15,I37,C3,16,PF1,R1,0,A2,B1
S15,I38,C4,5,PF1,R1,0,A2,B2
S15,I39,C1,56,PF1,R1,0,A1,B1
S15,I40,C2,28,PF1,R1,0,A1,B2
S15,I41,C3,21,PF1,R1,0,A2,B1
S15,I42,C4,64,PF1,R1,0,A2,B2
S15,I43,C1,32,PF1,R1,0,A1,B1
S15,I44,C2,38,PF1,R1,0,A1,B2
S15,I45,C3,36,PF1,R1,0,A2,B1
S15,I46,C4,31,PF1,R1,0,A2,B2
S15,I47,C1,65,PF1,R1,0,A1,B1
S15,I48,C2,54,PF1,R1,0,A1,B2
S15,I49,C3,58,PF1,R1,0,A2,B1
S15,I50,C4,29,PF1,R1,0,A2,B2
S15,I51,C1,46,PF1,R1,0,A1,B1
S15,I52,C2,18,PF1,R1,0,A1,B2
S15,I53,C3,48,PF1,R1,0,A2,B1
S15,I54,C4,61,PF1,R1,0,A2,B2
S15,I55,C1,20,PF1,R1,0,A1,B1
S15,I56,C2,24,PF1,R1,0,A1,B2
S15,I57,C3,3,PF1,R1,0,A2,B1
S15,I58,C4,47,PF1,R1,0,A2,B2
S15,I59,C1,23,PF1,R1,0,A1,B1
S15,I60,C2,12,PF1,R1,0,A1,B2
S15,I61,C3,41,PF1,R1,0,A2,B1
S15,I62,C4,10,PF1,R1,0,A2,B2
S15,I63,C1,14,PF1,R1,0,A1,B1
S15,I64,C2,13,PF1,R1,0,A1,B2
S16,I1,C4,25,PF1,R1,0,A2,B2
S16,I2,C1,20,PF1,R1,0,A1,B1
S16,I3,C2,48,PF1,R1,0,A1,B2
S16,I4,C3,50,PF1,R1,0,A2,B1
S16,I6,C1,37,PF1,R1,0,A1,B1
S16,I7,C2,5,PF1,R1,0,A1,B2
S16,I8,C3,32,PF1,R1,0,A2,B1
S16,I9,C4,35,PF1,R1,0,A2,B2
S16,I10,C1,53,PF1,R1,0,A1,B1
S16,I11,C2,63,PF1,R1,0,A1,B2
S16,I12,C3,29,PF1,R1,0,A2,B1
S16,I13,C4,49,PF1,R1,0,A2,B2
S16,I14,C1,61,PF1,R1,0,A1,B1
S16,I15,C2,40,PF1,R1,0,A1,B2
S16,I16,C3,23,PF1,R1,0,A2,B1
S16,I17,C4,14,PF1,R1,0,A2,B2
S16,I18,C1,22,PF1,R1,0,A1,B1
S16,I20,C3,9,PF1,R1,0,A2,B1
S16,I21,C4,36,PF1,R1,0,A2,B2
S16,I22,C1,59,PF1,R1,0,A1,B1
S16,I23,C2,15,PF1,R1,0,A1,B2
S16,I24,C3,31,PF1,R1,0,A2,B1
S16,I25,C4,38,PF1,R1,0,A2,B2
S16,I26,C1,6,PF1,R1,0,A1,B1
S16,I28,C3,24,PF1,R1,0,A2,B1
S16,I29,C4,41,PF1,R1,0,A2,B2
S16,I30,C1,51,PF1,R1,0,A1,B1
S16,I31,C2,47,PF1,R1,0,A1,B2
S16,I32,C3,7,PF1,R1,0,A2,B1
S16,I33,C4,12,PF1,R1,0,A2,B2
S16,I34,C1,62,PF1,R1,0,A1,B1
S16,I35,C2,39,PF1,R1,0,A1,B2
S16,I36,C3,44,PF1,R1,0,A2,B1
S16,I37,C4,2,PF1,R1,0,A2,B2
S16,I38,C1,8,PF1,R1,0,A1,B1
S16,I39,C2,43,PF1,R1,0,A1,B2
S16,I40,C3,30,PF1,R1,0,A2,B1
S16,I42,C1,10,PF1,R1,0,A1,B1
S16,I44,C3,16,PF1,R1,0,A2,B1
S16,I45,C4,27,PF1,R1,0,A2,B2
S16,I46,C1,52,PF1,R1,0,A1,B1
S16,I47,C2,18,PF1,R1,0,A1,B2
S16,I48,C3,26,PF1,R1,0,A2,B1
S16,I49,C4,57,PF1,R1,0,A2,B2
S16,I50,C1,17,PF1,R1,0,A1,B1
S16,I51,C2,13,PF1,R1,0,A1,B2
S16,I52,C3,3,PF1,R1,0,A2,B1
S16,I53,C4,54,PF1,R1,0,A2,B2
S16,I54,C1,42,PF1,R1,0,A1,B1
S16,I55,C2,58,PF1,R1,0,A1,B2
S16,I56,C3,34,PF1,R1,0,A2,B1
S16,I57,C4,19,PF1,R1,0,A2,B2
S16,I58,C1,4,PF1,R1,1,A1,B1
S16,I59,C2,60,PF1,R1,0,A1,B2
S16,I60,C3,46,PF1,R1,0,A2,B1
S16,I61,C4,11,PF1,R1,0,A2,B2
S16,I63,C2,33,PF1,R1,0,A1,B2
S16,I64,C3,45,PF1,R1,0,A2,B1
S17,I1,C1,36,PF1,R1,0,A1,B1
S17,I2,C2,44,PF1,R1,0,A1,B2
S17,I3,C3,27,PF1,R1,0,A2,B1
S17,I4,C4,26,PF1,R1,0,A2,B2
S17,I5,C1,16,PF1,R1,0,A1,B1
S17,I6,C2,59,PF1,R1,0,A1,B2
S17,I7,C3,63,PF1,R1,1,A2,B1
S17,I8,C4,17,PF1,R1,0,A2,B2
S17,I9,C1,32,PF1,R1,0,A1,B1
S17,I10,C2,9,PF1,R1,0,A1,B2
S17,I11,C3,13,PF1,R1,0,A2,B1
S17,I13,C1,12,PF1,R1,0,A1,B1
S17,I14,C2,6,PF1,R1,1,A1,B2
S17,I15,C3,62,PF1,R1,0,A2,B1
S17,I16,C4,11,PF1,R1,0,A2,B2
S17,I17,C1,7,PF1,R1,0,A1,B1
S17,I18,C2,56,PF1,R1,0,A1,B2
S17,I19,C3,41,PF1,R1,0,A2,B1
S17,I20,C4,45,PF1,R1,0,A2,B2
S17,I21,C1,60,PF1,R1,0,A1,B1
S17,I22,C2,19,PF1,R1,0,A1,B2
S17,I23,C3,58,PF1,R1,0,A2,B1
S17,I24,C4,30,PF1,R1,0,A2,B2
S17,I25,C1,31,PF1,R1,0,A1,B1
S17,I26,C2,18,PF1,R1,0,A1,B2
S17,I27,C3,37,PF1,R1,0,A2,B1
S17,I28,C4,28,PF1,R1,0,A2,B2
S17,I29,C1,25,PF1,R1,0,A1,B1
S17,I30,C2,33,PF1,R1,0,A1,B2
S17,I31,C3,15,PF1,R1,1,A2,B1
S17,I32,C4,3,PF1,R1,0,A2,B2
S17,I33,C1,55,PF1,R1,0,A1,B1
S17,I34,C2,34,PF1,R1,0,A1,B2
S17,I35,C3,51,PF1,R1,0,A2,B1
S17,I36,C4,48,PF1,R1,0,A2,B2
S17,I37,C1,23,PF1,R1,0,A1,B1
S17,I38,C2,24,PF1,R1,0,A1,B2
S17,I39,C3,39,PF1,R1,0,A2,B1
S17,I40,C4,10,PF1,R1,0,A2,B2
S17,I41,C1,54,PF1,R1,0,A1,B1
S17,I42,C2,38,PF1,R1,0,A1,B2
S17,I43,C3,21,PF1,R1,0,A2,B1
S17,I44,C4,5,PF1,R1,0,A2,B2
S17,I45,C1,47,PF1,R1,0,A1,B1
S17,I46,C2,40,PF1,R1,0,A1,B2
S17,I47,C3,64,PF1,R1,0,A2,B1
S17,I48,C4,20,PF1,R1,0,A2,B2
S17,I49,C1,53,PF1,R1,0,A1,B1
S17,I50,C2,4,PF1,R1,0,A1,B2
S17,I51,C3,61,PF1,R1,0,A2,B1
S17,I52,C4,8,PF1,R1,0,A2,B2
S17,I53,C1,29,PF1,R1,0,A1,B1
S17,I54,C2,49,PF1,R1,0,A1,B2
S17,I55,C3,14,PF1,R1,0,A2,B1
S17,I56,C4,52,PF1,R1,0,A2,B2
S17,I57,C1,46,PF1,R1,0,A1,B1
S17,I58,C2,43,PF1,R1,0,A1,B2
S17,I59,C3,1,PF1,R1,0,A2,B1
S17,I60,C4,57,PF1,R1,0,A2,B2
S17,I61,C1,50,PF1,R1,0,A1,B1
S17,I62,C2,22,PF1,R1,0,A1,B2
S17,I63,C3,2,PF1,R1,0,A2,B1
S17,I64,C4,35,PF1,R1,0,A2,B2
S18,I1,C2,15,PF1,R1,0,A1,B2
S18,I2,C3,14,PF1,R1,0,A2,B1
S18,I3,C4,19,PF1,R1,0,A2,B2
S18,I4,C1,16,PF1,R1,0,A1,B1
S18,I5,C2,20,PF1,R1,0,A1,B2
S18,I6,C3,61,PF1,R1,0,A2,B1
S18,I7,C4,34,PF1,R1,0,A2,B2
S18,I8,C1,65,PF1,R1,0,A1,B1
S18,I9,C2,25,PF1,R1,0,A1,B2
S18,I10,C3,30,PF1,R1,0,A2,B1
S18,I12,C1,47,PF1,R1,1,A1,B1
S18,I13,C2,62,PF1,R1,0,A1,B2
S18,I14,C3,44,PF1,R1,0,A2,B1
S18,I15,C4,59,PF1,R1,0,A2,B2
S18,I16,C1,13,PF1,R1,0,A1,B1
S18,I17,C2,46,PF1,R1,0,A1,B2
S18,I18,C3,45,PF1,R1,0,A2,B1
S18,I20,C1,54,PF1,R1,1,A1,B1
S18,I21,C2,21,PF1,R1,0,A1,B2
S18,I22,C3,27,PF1,R1,0,A2,B1
S18,I23,C4,40,PF1,R1,0,A2,B2
S18,I24,C1,28,PF1,R1,0,A1,B1
S18,I25,C2,53,PF1,R1,0,A1,B2
S18,I26,C3,32,PF1,R1,0,A2,B1
S18,I27,C4,29,PF1,R1,0,A2,B2
S18,I28,C1,11,PF1,R1,0,A1,B1
S18,I29,C2,55,PF1,R1,0,A1,B2
S18,I32,C1,3,PF1,R1,0,A1,B1
S18,I33,C2,49,PF1,R1,0,A1,B2
S18,I34,C3,18,PF1,R1,0,A2,B1
S18,I35,C4,31,PF1,R1,0,A2,B2
S18,I36,C1,63,PF1,R1,0,A1,B1
S18,I37,C2,17,PF1,R1,0,A1,B2
S18,I38,C3,66,PF1,R1,0,A2,B1
S18,I39,C4,38,PF1,R1,0,A2,B2
S18,I40,C1,56,PF1,R1,0,A1,B1
S18,I41,C2,2,PF1,R1,0,A1,B2
S18,I42,C3,7,PF1,R1,0,A2,B1
S18,I43,C4,37,PF1,R1,1,A2,B2
S18,I44,C1,64,PF1,R1,0,A1,B1
S18,I45,C2,39,PF1,R1,0,A1,B2
S18,I46,C3,12,PF1,R1,0,A2,B1
S18,I47,C4,22,PF1,R1,1,A2,B2
S18,I48,C1,60,PF1,R1,0,A1,B1
S18,I50,C3,26,PF1,R1,0,A2,B1
S18,I51,C4,8,PF1,R1,0,A2,B2
S18,I52,C1,1,PF1,R1,0,A1,B1
S18,I53,C2,4,PF1,R1,0,A1,B2
S18,I54,C3,43,PF1,R1,0,A2,B1
S18,I56,C1,10,PF1,R1,0,A1,B1
S18,I57,C2,52,PF1,R1,0,A1,B2
S18,I58,C3,9,PF1,R1,0,A2,B1
S18,I59,C4,6,PF1,R1,0,A2,B2
S18,I60,C1,5,PF1,R1,0,A1,B1
S18,I61,C2,35,PF1,R1,0,A1,B2
S18,I62,C3,51,PF1,R1,0,A2,B1
S18,I63,C4,48,PF1,R1,1,A2,B2
S18,I64,C1,50,PF1,R1,0,A1,B1
S19,I1,C3,45,PF1,R1,0,A2,B1
S19,I2,C4,59,PF1,R1,0,A2,B2
S19,I3,C1,7,PF1,R1,0,A1,B1
S19,I4,C2,15,PF1,R1,0,A1,B2
S19,I5,C3,47,PF1,R1,0,A2,B1
S19,I6,C4,32,PF1,R1,0,A2,B2
S19,I7,C1,12,PF1,R1,0,A1,B1
S19,I8,C2,27,PF1,R1,0,A1,B2
S19,I9,C3,25,PF1,R1,0,A2,B1
S19,I10,C4,10,PF1,R1,0,A2,B2
S19,I11,C1,56,PF1,R1,0,A1,B1
S19,I12,C2,55,PF1,R1,0,A1,B2
S19,I13,C3,65,PF1,R1,0,A2,B1
S19,I14,C4,28,PF1,R1,0,A2,B2
S19,I15,C1,61,PF1,R1,0,A1,B1
S19,I17,C3,39,PF1,R1,0,A2,B1
S19,I18,C4,48,PF1,R1,0,A2,B2
S19,I19,C1,57,PF1,R1,0,A1,B1
S19,I20,C2,50,PF1,R1,0,A1,B2
S19,I21,C3,44,PF1,R1,0,A2,B1
S19,I22,C4,20,PF1,R1,0,A2,B2
S19,I23,C1,33,PF1,R1,0,A1,B1
S19,I24,C2,17,PF1,R1,0,A1,B2
S19,I25,C3,26,PF1,R1,0,A2,B1
S19,I26,C4,2,PF1,R1,0,A2,B2
S19,I27,C1,4,PF1,R1,0,A1,B1
S19,I28,C2,31,PF1,R1,0,A1,B2
S19,I29,C3,51,PF1,R1,0,A2,B1
S19,I30,C4,36,PF1,R1,0,A2,B2
S19,I31,C1,35,PF1,R1,0,A1,B1
S19,I32,C2,41,PF1,R1,0,A1,B2
S19,I34,C4,37,PF1,R1,0,A2,B2
S19,I35,C1,24,PF1,R1,0,A1,B1
S19,I36,C2,64,PF1,R1,0,A1,B2
S19,I37,C3,34,PF1,R1,0,A2,B1
S19,I38,C4,23,PF1,R1,0,A2,B2
S19,I39,C1,13,PF1,R1,0,A1,B1
S19,I40,C2,40,PF1,R1,0,A1,B2
S19,I41,C3,58,PF1,R1,0,A2,B1
S19,I42,C4,16,PF1,R1,0,A2,B2
S19,I43,C1,1,PF1,R1,0,A1,B1
S19,I44,C2,54,PF1,R1,0,A1,B2
S19,I45,C3,63,PF1,R1,0,A2,B1
S19,I46,C4,60,PF1,R1,0,A2,B2
S19,I47,C1,19,PF1,R1,0,A1,B1
S19,I48,C2,53,PF1,R1,0,A1,B2
S19,I49,C3,46,PF1,R1,0,A2,B1
S19,I50,C4,22,PF1,R1,0,A2,B2
S19,I51,C1,9,PF1,R1,0,A1,B1
S19,I52,C2,30,PF1,R1,0,A1,B2
S19,I53,C3,14,PF1,R1,0,A2,B1
S19,I54,C4,42,PF1,R1,0,A2,B2
S19,I55,C1,11,PF1,R1,0,A1,B1
S19,I57,C3,21,PF1,R1,1,A2,B1
S19,I58,C4,43,PF1,R1,0,A2,B2
S19,I59,C1,6,PF1,R1,0,A1,B1
S19,I60,C2,62,PF1,R1,0,A1,B2
S19,I61,C3,49,PF1,R1,0,A2,B1
S19,I62,C4,38,PF1,R1,0,A2,B2
S19,I63,C1,29,PF1,R1,0,A1,B1
S19,I64,C2,3,PF1,R1,0,A1,B2
S20,I1,C4,65,PF1,R1,0,A2,B2
S20,I2,C1,9,PF1,R1,0,A1,B1
S20,I3,C2,20,PF1,R1,0,A1,B2
S20,I4,C3,48,PF1,R1,0,A2,B1
S20,I5,C4,40,PF1,R1,0,A2,B2
S20,I6,C1,23,PF1,R1,0,A1,B1
S20,I7,C2,11,PF1,R1,0,A1,B2
S20,I8,C3,46,PF1,R1,0,A2,B1
S20,I9,C4,21,PF1,R1,0,A2,B2
S20,I10,C1,64,PF1,R1,0,A1,B1
S20,I11,C2,17,PF1,R1,0,A1,B2
S20,I12,C3,19,PF1,R1,0,A2,B1
S20,I13,C4,2,PF1,R1,0,A2,B2
S20,I14,C1,29,PF1,R1,0,A1,B1
S20,I15,C2,61,PF1,R1,0,A1,B2
S20,I16,C3,15,PF1,R1,0,A2,B1
S20,I17,C4,51,PF1,R1,0,A2,B2
S20,I18,C1,50,PF1,R1,0,A1,B1
S20,I19,C2,53,PF1,R1,0,A1,B2
S20,I20,C3,55,PF1,R1,0,A2,B1
S20,I21,C4,49,PF1,R1,0,A2,B2
S20,I22,C1,24,PF1,R1,0,A1,B1
S20,I23,C2,10,PF1,R1,0,A1,B2
S20,I24,C3,22,PF1,R1,0,A2,B1
S20,I25,C4,27,PF1,R1,0,A2,B2
S20,I26,C1,47,PF1,R1,0,A1,B1
S20,I27,C2,54,PF1,R1,0,A1,B2
S20,I28,C3,16,PF1,R1,0,A2,B1
S20,I29,C4,13,PF1,R1,0,A2,B2
S20,I30,C1,34,PF1,R1,0,A1,B1
S20,I31,C2,1,PF1,R1,0,A1,B2
S20,I32,C3,5,PF1,R1,0,A2,B1
S20,I33,C4,38,PF1,R1,0,A2,B2
S20,I34,C1,18,PF1,R1,0,A1,B1
S20,I35,C2,43,PF1,R1,0,A1,B2
S20,I36,C3,41,PF1,R1,0,A2,B1
S20,I37,C4,52,PF1,R1,0,A2,B2
S20,I38,C1,35,PF1,R1,0,A1,B1
S20,I39,C2,3,PF1,R1,0,A1,B2
S20,I40,C3,58,PF1,R1,0,A2,B1
S20,I41,C4,37,PF1,R1,0,A2,B2
S20,I42,C1,33,PF1,R1,0,A1,B1
S20,I43,C2,42,PF1,R1,0,A1,B2
S20,I44,C3,12,PF1,R1,0,A2,B1
S20,I45,C4,36,PF1,R1,0,A2,B2
S20,I46,C1,14,PF1,R1,0,A1,B1
S20,I47,C2,30,PF1,R1,0,A1,B2
S20,I48,C3,39,PF1,R1,0,A2,B1
S20,I49,C4,32,PF1,R1,0,A2,B2
S20,I50,C1,8,PF1,R1,0,A1,B1
S20,I51,C2,60,PF1,R1,0,A1,B2
S20,I52,C3,4,PF1,R1,0,A2,B1
S20,I54,C1,62,PF1,R1,0,A1,B1
S20,I55,C2,31,PF1,R1,0,A1,B2
S20,I56,C3,28,PF1,R1,0,A2,B1
S20,I57,C4,6,PF1,R1,0,A2,B2
S20,I58,C1,56,PF1,R1,0,A1,B1
S20,I59,C2,57,PF1,R1,0,A1,B2
S20,I60,C3,44,PF1,R1,0,A2,B1
S20,I61,C4,26,PF1,R1,0,A2,B2
S20,I62,C1,63,PF1,R1,0,A1,B1
S20,I63,C2,25,PF1,R1,0,A1,B2
S20,I64,C3,59,PF1,R1,0,A2,B1
S21,I1,C1,30,PF1,R1,0,A1,B1
S21,I2,C2,21,PF1,R1,0,A1,B2
S21,I3,C3,27,PF1,R1,0,A2,B1
S21,I5,C1,32,PF1,R1,0,A1,B1
S21,I6,C2,34,PF1,R1,0,A1,B2
S21,I7,C3,9,PF1,R1,0,A2,B1
S21,I8,C4,1,PF1,R1,0,A2,B2
S21,I9,C1,43,PF1,R1,0,A1,B1
S21,I10,C2,2,PF1,R1,0,A1,B2
S21,I11,C3,12,PF1,R1,0,A2,B1
S21,I12,C4,38,PF1,R1,0,A2,B2
S21,I14,C2,58,PF1,R1,0,A1,B2
S21,I15,C3,54,PF1,R1,0,A2,B1
S21,I16,C4,36,PF1,R1,0,A2,B2
S21,I17,C1,22,PF1,R1,0,A1,B1
S21,I18,C2,28,PF1,R1,1,A1,B2
S21,I19,C3,13,PF1,R1,0,A2,B1
S21,I20,C4,14,PF1,R1,0,A2,B2
S21,I21,C1,16,PF1,R1,0,A1,B1
S21,I22,C2,17,PF1,R1,0,A1,B2
S21,I23,C3,49,PF1,R1,0,A2,B1
S21,I24,C4,62,PF1,R1,0,A2,B2
S21,I25,C1,44,PF1,R1,0,A1,B1
S21,I26,C2,48,PF1,R1,0,A1,B2
S21,I27,C3,52,PF1,R1,0,A2,B1
S21,I28,C4,29,PF1,R1,0,A2,B2
S21,I29,C1,25,PF1,R1,0,A1,B1
S21,I30,C2,57,PF1,R1,0,A1,B2
S21,I31,C3,40,PF1,R1,0,A2,B1
S21,I32,C4,24,PF1,R1,0,A2,B2
S21,I33,C1,46,PF1,R1,0,A1,B1
S21,I34,C2,55,PF1,R1,0,A1,B2
S21,I35,C3,37,PF1,R1,0,A2,B1
S21,I36,C4,63,PF1,R1,0,A2,B2
S21,I37,C1,33,PF1,R1,0,A1,B1
S21,I38,C2,5,PF1,R1,0,A1,B2
S21,I39,C3,59,PF1,R1,0,A2,B1
S21,I40,C4,41,PF1,R1,0,A2,B2
S21,I41,C1,11,PF1,R1,0,A1,B1
S21,I42,C2,56,PF1,R1,0,A1,B2
S21,I43,C3,45,PF1,R1,0,A2,B1
S21,I44,C4,51,PF1,R1,0,A2,B2
S21,I45,C1,64,PF1,R1,0,A1,B1
S21,I46,C2,15,PF1,R1,0,A1,B2
S21,I47,C3,53,PF1,R1,0,A2,B1
S21,I48,C4,61,PF1,R1,0,A2,B2
S21,I49,C1,20,PF1,R1,0,A1,B1
S21,I50,C2,65,PF1,R1,0,A1,B2
S21,I51,C3,42,PF1,R1,0,A2,B1
S21,I52,C4,18,PF1,R1,0,A2,B2
S21,I53,C1,8,PF1,R1,0,A1,B1
S21,I54,C2,35,PF1,R1,0,A1,B2
S21,I55,C3,47,PF1,R1,0,A2,B1
S21,I56,C4,26,PF1,R1,0,A2,B2
S21,I57,C1,10,PF1,R1,0,A1,B1
S21,I58,C2,6,PF1,R1,0,A1,B2
S21,I59,C3,50,PF1,R1,0,A2,B1
S21,I60,C4,39,PF1,R1,0,A2,B2
S21,I61,C1,60,PF1,R1,0,A1,B1
S21,I62,C2,19,PF1,R1,0,A1,B2
S21,I63,C3,31,PF1,R1,0,A2,B1
S21,I64,C4,23,PF1,R1,0,A2,B2
S22,I1,C2,17,PF1,R1,0,A1,B2
S22,I2,C3,22,PF1,R1,0,A2,B1
S22,I3,C4,28,PF1,R1,0,A2,B2
S22,I4,C1,61,PF1,R1,0,A1,B1
S22,I5,C2,39,PF1,R1,0,A1,B2
S22,I6,C3,41,PF1,R1,0,A2,B1
S22,I7,C4,27,PF1,R1,0,A2,B2
S22,I8,C1,50,PF1,R1,0,A1,B1
S22,I9,C2,7,PF1,R1,0,A1,B2
S22,I10,C3,36,PF1,R1,0,A2,B1
S22,I11,C4,57,PF1,R1,0,A2,B2
S22,I12,C1,42,PF1,R1,0,A1,B1
S22,I13,C2,25,PF1,R1,0,A1,B2
S22,I14,C3,64,PF1,R1,0,A2,B1
S22,I15,C4,21,PF1,R1,0,A2,B2
S22,I16,C1,4,PF1,R1,0,A1,B1
S22,I17,C2,26,PF1,R1,0,A1,B2
S22,I18,C3,34,PF1,R1,0,A2,B1
S22,I19,C4,54,PF1,R1,0,A2,B2
S22,I20,C1,37,PF1,R1,1,A1,B1
S22,I21,C2,55,PF1,R1,0,A1,B2
S22,I22,C3,31,PF1,R1,0,A2,B1
S22,I23,C4,60,PF1,R1,0,A2,B2
S22,I24,C1,23,PF1,R1,0,A1,B1
S22,I25,C2,10,PF1,R1,0,A1,B2
S22,I26,C3,30,PF1,R1,0,A2,B1
S22,I28,C1,51,PF1,R1,0,A1,B1
S22,I29,C2,65,PF1,R1,0,A1,B2
S22,I30,C3,29,PF1,R1,0,A2,B1
S22,I31,C4,1,PF1,R1,0,A2,B2
S22,I32,C1,13,PF1,R1,0,A1,B1
S22,I33,C2,6,PF1,R1,0,A1,B2
S22,I34,C3,3,PF1,R1,0,A2,B1
S22,I35,C4,12,PF1,R1,0,A2,B2
S22,I36,C1,59,PF1,R1,0,A1,B1
S22,I37,C2,49,PF1,R1,0,A1,B2
S22,I38,C3,8,PF1,R1,0,A2,B1
S22,I39,C4,44,PF1,R1,0,A2,B2
S22,I40,C1,66,PF1,R1,0,A1,B1
S22,I41,C2,68,PF1,R1,0,A1,B2
S22,I42,C3,9,PF1,R1,0,A2,B1
S22,I43,C4,2,PF1,R1,0,A2,B2
S22,I44,C1,24,PF1,R1,0,A1,B1
S22,I45,C2,67,PF1,R1,0,A1,B2
S22,I46,C3,38,PF1,R1,0,A2,B1
S22,I47,C4,15,PF1,R1,0,A2,B2
S22,I48,C1,40,PF1,R1,0,A1,B1
S22,I49,C2,62,PF1,R1,0,A1,B2
S22,I50,C3,56,PF1,R1,0,A2,B1
S22,I52,C1,52,PF1,R1,0,A1,B1
S22,I53,C2,19,PF1,R1,0,A1,B2
S22,I54,C3,45,PF1,R1,0,A2,B1
S22,I55,C4,43,PF1,R1,0,A2,B2
S22,I56,C1,53,PF1,R1,0,A1,B1
S22,I57,C2,47,PF1,R1,0,A1,B2
S22,I58,C3,18,PF1,R1,0,A2,B1
S22,I59,C4,48,PF1,R1,0,A2,B2
S22,I60,C1,16,PF1,R1,0,A1,B1
S22,I61,C2,58,PF1,R1,0,A1,B2
S22,I62,C3,46,PF1,R1,0,A2,B1
S22,I63,C4,11,PF1,R1,0,A2,B2
S22,I64,C1,14,PF1,R1,0,A1,B1
S23,I1,C3,20,PF1,R1,0,A2,B1
S23,I2,C4,53,PF1,R1,0,A2,B2
S23,I3,C1,1,PF1,R1,0,A1,B1
S23,I4,C2,52,PF1,R1,0,A1,B2
S23,I5,C3,18,PF1,R1,0,A2,B1
S23,I6,C4,13,PF1,R1,0,A2,B2
S23,I7,C1,24,PF1,R1,0,A1,B1
S23,I8,C2,45,PF1,R1,0,A1,B2
S23,I9,C3,9,PF1,R1,0,A2,B1
S23,I10,C4,23,PF1,R1,0,A2,B2
S23,I11,C1,33,PF1,R1,0,A1,B1
S23,I12,C2,25,PF1,R1,0,A1,B2
S23,I13,C3,34,PF1,R1,0,A2,B1
S23,I14,C4,5,PF1,R1,0,A2,B2
S23,I15,C1,36,PF1,R1,0,A1,B1
S23,I16,C2,30,PF1,R1,0,A1,B2
S23,I17,C3,43,PF1,R1,0,A2,B1
S23,I18,C4,6,PF1,R1,0,A2,B2
S23,I19,C1,42,PF1,R1,0,A1,B1
S23,I21,C3,49,PF1,R1,0,A2,B1
S23,I22,C4,29,PF1,R1,0,A2,B2
S23,I23,C1,28,PF1,R1,0,A1,B1
S23,I24,C2,54,PF1,R1,0,A1,B2
S23,I26,C4,39,PF1,R1,0,A2,B2
S23,I27,C1,37,PF1,R1,0,A1,B1
S23,I28,C2,55,PF1,R1,0,A1,B2
S23,I29,C3,32,PF1,R1,0,A2,B1
S23,I30,C4,50,PF1,R1,0,A2,B2
S23,I31,C1,22,PF1,R1,0,A1,B1
S23,I32,C2,11,PF1,R1,0,A1,B2
S23,I33,C3,10,PF1,R1,0,A2,B1
S23,I34,C4,41,PF1,R1,0,A2,B2
S23,I35,C1,46,PF1,R1,0,A1,B1
S23,I36,C2,31,PF1,R1,0,A1,B2
S23,I37,C3,51,PF1,R1,0,A2,B1
S23,I38,C4,48,PF1,R1,0,A2,B2
S23,I39,C1,26,PF1,R1,0,A1,B1
S23,I40,C2,64,PF1,R1,0,A1,B2
S23,I41,C3,61,PF1,R1,0,A2,B1
S23,I42,C4,62,PF1,R1,0,A2,B2
S23,I43,C1,66,PF1,R1,0,A1,B1
S23,I44,C2,27,PF1,R1,0,A1,B2
S23,I45,C3,3,PF1,R1,0,A2,B1
S23,I46,C4,60,PF1,R1,0,A2,B2
S23,I47,C1,12,PF1,R1,0,A1,B1
S23,I48,C2,44,PF1,R1,0,A1,B2
S23,I49,C3,21,PF1,R1,0,A2,B1
S23,I50,C4,58,PF1,R1,0,A2,B2
S23,I51,C1,35,PF1,R1,0,A1,B1
S23,I52,C2,57,PF1,R1,0,A1,B2
S23,I53,C3,14,PF1,R1,0,A2,B1
S23,I54,C4,19,PF1,R1,0,A2,B2
S23,I55,C1,56,PF1,R1,0,A1,B1
S23,I56,C2,65,PF1,R1,0,A1,B2
S23,I57,C3,38,PF1,R1,0,A2,B1
S23,I58,C4,47,PF1,R1,0,A2,B2
S23,I59,C1,4,PF1,R1,0,A1,B1
S23,I60,C2,2,PF1,R1,0,A1,B2
S23,I61,C3,8,PF1,R1,0,A2,B1
S23,I62,C4,59,PF1,R1,0,A2,B2
S23,I63,C1,63,PF1,R1,0,A1,B1
S23,I64,C2,7,PF1,R1,0,A1,B2
S24,I1,C4,2,PF1,R1,0,A2,B2
S24,I2,C1,18,PF1,R1,0,A1,B1
S24,I3,C2,58,PF1,R1,0,A1,B2
S24,I5,C4,21,PF1,R1,0,A2,B2
S24,I6,C1,27,PF1,R1,1,A1,B1
S24,I7,C2,28,PF1,R1,0,A1,B2
S24,I8,C3,65,PF1,R1,0,A2,B1
S24,I9,C4,30,PF1,R1,0,A2,B2
S24,I10,C1,54,PF1,R1,0,A1,B1
S24,I11,C2,55,PF1,R1,0,A1,B2
S24,I12,C3,1,PF1,R1,0,A2,B1
S24,I13,C4,24,PF1,R1,0,A2,B2
S24,I14,C1,34,PF1,R1,0,A1,B1
S24,I15,C2,25,PF1,R1,0,A1,B2
S24,I16,C3,26,PF1,R1,0,A2,B1
S24,I17,C4,35,PF1,R1,0,A2,B2
S24,I18,C1,39,PF1,R1,0,A1,B1
S24,I19,C2,61,PF1,R1,0,A1,B2
S24,I20,C3,33,PF1,R1,0,A2,B1
S24,I21,C4,56,PF1,R1,0,A2,B2
S24,I22,C1,15,PF1,R1,1,A1,B1
S24,I23,C2,10,PF1,R1,0,A1,B2
S24,I24,C3,19,PF1,R1,0,A2,B1
S24,I25,C4,23,PF1,R1,0,A2,B2
S24,I26,C1,38,PF1,R1,0,A1,B1
S24,I27,C2,36,PF1,R1,0,A1,B2
S24,I28,C3,50,PF1,R1,0,A2,B1
S24,I30,C1,12,PF1,R1,0,A1,B1
S24,I31,C2,5,PF1,R1,0,A1,B2
S24,I32,C3,43,PF1,R1,0,A2,B1
S24,I33,C4,31,PF1,R1,0,A2,B2
S24,I34,C1,4,PF1,R1,0,A1,B1
S24,I35,C2,53,PF1,R1,0,A1,B2
S24,I36,C3,22,PF1,R1,0,A2,B1
S24,I37,C4,52,PF1,R1,0,A2,B2
S24,I38,C1,45,PF1,R1,0,A1,B1
S24,I40,C3,48,PF1,R1,1,A2,B1
S24,I41,C4,42,PF1,R1,0,A2,B2
S24,I42,C1,57,PF1,R1,1,A1,B1
S24,I43,C2,63,PF1,R1,0,A1,B2
S24,I44,C3,37,PF1,R1,0,A2,B1
S24,I45,C4,16,PF1,R1,1,A2,B2
S24,I46,C1,7,PF1,R1,0,A1,B1
S24,I47,C2,6,PF1,R1,0,A1,B2
S24,I48,C3,62,PF1,R1,0,A2,B1
S24,I49,C4,3,PF1,R1,0,A2,B2
S24,I50,C1,59,PF1,R1,1,A1,B1
S24,I51,C2,41,PF1,R1,0,A1,B2
S24,I52,C3,32,PF1,R1,0,A2,B1
S24,I53,C4,40,PF1,R1,0,A2,B2
S24,I54,C1,13,PF1,R1,0,A1,B1
S24,I55,C2,11,PF1,R1,0,A1,B2
S24,I56,C3,44,PF1,R1,0,A2,B1
S24,I57,C4,29,PF1,R1,0,A2,B2
S24,I58,C1,20,PF1,R1,0,A1,B1
S24,I59,C2,9,PF1,R1,0,A1,B2
S24,I60,C3,46,PF1,R1,0,A2,B1
S24,I61,C4,8,PF1,R1,0,A2,B2
S24,I62,C1,64,PF1,R1,0,A1,B1
S24,I64,C3,17,PF1,R1,0,A2,B1
S25,I1,C1,42,PF1,R1,0,A1,B1
S25,I2,C2,31,PF1,R1,0,A1,B2
S25,I3,C3,49,PF1,R1,0,A2,B1
S25,I4,C4,7,PF1,R1,0,A2,B2
S25,I5,C1,46,PF1,R1,0,A1,B1
S25,I6,C2,36,PF1,R1,0,A1,B2
S25,I7,C3,33,PF1,R1,0,A2,B1
S25,I8,C4,30,PF1,R1,0,A2,B2
S25,I9,C1,39,PF1,R1,0,A1,B1
S25,I10,C2,15,PF1,R1,0,A1,B2
S25,I11,C3,22,PF1,R1,0,A2,B1
S25,I12,C4,62,PF1,R1,0,A2,B2
S25,I13,C1,19,PF1,R1,0,A1,B1
S25,I14,C2,56,PF1,R1,0,A1,B2
S25,I16,C4,27,PF1,R1,0,A2,B2
S25,I17,C1,26,PF1,R1,0,A1,B1
S25,I18,C2,55,PF1,R1,0,A1,B2
S25,I19,C3,23,PF1,R1,0,A2,B1
S25,I20,C4,9,PF1,R1,0,A2,B2
S25,I21,C1,18,PF1,R1,0,A1,B1
S25,I22,C2,2,PF1,R1,0,A1,B2
S25,I23,C3,8,PF1,R1,0,A2,B1
S25,I24,C4,52,PF1,R1,0,A2,B2
S25,I25,C1,4,PF1,R1,0,A1,B1
S25,I26,C2,48,PF1,R1,0,A1,B2
S25,I27,C3,16,PF1,R1,0,A2,B1
S25,I28,C4,3,PF1,R1,0,A2,B2
S25,I29,C1,41,PF1,R1,0,A1,B1
S25,I30,C2,51,PF1,R1,0,A1,B2
S25,I31,C3,64,PF1,R1,0,A2,B1
S25,I32,C4,11,PF1,R1,0,A2,B2
S25,I34,C2,63,PF1,R1,0,A1,B2
S25,I35,C3,5,PF1,R1,0,A2,B1
S25,I36,C4,10,PF1,R1,0,A2,B2
S25,I37,C1,32,PF1,R1,0,A1,B1
S25,I38,C2,34,PF1,R1,0,A1,B2
S25,I39,C3,50,PF1,R1,0,A2,B1
S25,I40,C4,29,PF1,R1,0,A2,B2
S25,I41,C1,1,PF1,R1,0,A1,B1
S25,I42,C2,14,PF1,R1,0,A1,B2
S25,I43,C3,67,PF1,R1,0,A2,B1
S25,I44,C4,38,PF1,R1,0,A2,B2
S25,I45,C1,65,PF1,R1,0,A1,B1
S25,I46,C2,6,PF1,R1,0,A1,B2
S25,I47,C3,58,PF1,R1,0,A2,B1
S25,I48,C4,66,PF1,R1,0,A2,B2
S25,I49,C1,53,PF1,R1,0,A1,B1
S25,I50,C2,59,PF1,R1,0,A1,B2
S25,I51,C3,61,PF1,R1,0,A2,B1
S25,I52,C4,47,PF1,R1,0,A2,B2
S25,I53,C1,60,PF1,R1,0,A1,B1
S25,I54,C2,54,PF1,R1,0,A1,B2
S25,I55,C3,45,PF1,R1,0,A2,B1
S25,I56,C4,28,PF1,R1,0,A2,B2
S25,I57,C1,17,PF1,R1,0,A1,B1
S25,I58,C2,37,PF1,R1,0,A1,B2
S25,I59,C3,57,PF1,R1,0,A2,B1
S25,I60,C4,43,PF1,R1,0,A2,B2
S25,I61,C1,35,PF1,R1,0,A1,B1
S25,I62,C2,25,PF1,R1,0,A1,B2
S25,I63,C3,40,PF1,R1,0,A2,B1
S25,I64,C4,44,PF1,R1,0,A2,B2
S26,I1,C2,16,PF1,R1,0,A1,B2
S26,I2,C3,41,PF1,R1,0,A2,B1
S26,I3,C4,54,PF1,R1,0,A2,B2
S26,I4,C1,39,PF1,R1,0,A1,B1
S26,I5,C2,44,PF1,R1,0,A1,B2
S26,I6,C3,61,PF1,R1,0,A2,B1
S26,I7,C4,7,PF1,R1,0,A2,B2
S26,I8,C1,40,PF1,R1,0,A1,B1
S26,I9,C2,14,PF1,R1,0,A1,B2
S26,I11,C4,47,PF1,R1,0,A2,B2
S26,I12,C1,32,PF1,R1,0,A1,B1
S26,I13,C2,58,PF1,R1,0,A1,B2
S26,I14,C3,11,PF1,R1,0,A2,B1
S26,I15,C4,35,PF1,R1,0,A2,B2
S26,I16,C1,63,PF1,R1,0,A1,B1
S26,I17,C2,12,PF1,R1,0,A1,B2
S26,I18,C3,36,PF1,R1,0,A2,B1
S26,I19,C4,19,PF1,R1,0,A2,B2
S26,I20,C1,48,PF1,R1,0,A1,B1
S26,I21,C2,45,PF1,R1,0,A1,B2
S26,I22,C3,17,PF1,R1,0,A2,B1
S26,I23,C4,13,PF1,R1,0,A2,B2
S26,I24,C1,22,PF1,R1,0,A1,B1
S26,I25,C2,8,PF1,R1,0,A1,B2
S26,I26,C3,60,PF1,R1,0,A2,B1
S26,I27,C4,25,PF1,R1,0,A2,B2
S26,I28,C1,57,PF1,R1,0,A1,B1
S26,I29,C2,27,PF1,R1,0,A1,B2
S26,I31,C4,52,PF1,R1,0,A2,B2
S26,I32,C1,24,PF1,R1,0,A1,B1
S26,I33,C2,6,PF1,R1,0,A1,B2
S26,I34,C3,29,PF1,R1,0,A2,B1
S26,I35,C4,21,PF1,R1,0,A2,B2
S26,I36,C1,9,PF1,R1,0,A1,B1
S26,I37,C2,2,PF1,R1,0,A1,B2
S26,I38,C3,46,PF1,R1,0,A2,B1
S26,I39,C4,34,PF1,R1,0,A2,B2
S26,I40,C1,30,PF1,R1,0,A1,B1
S26,I41,C2,1,PF1,R1,0,A1,B2
S26,I42,C3,15,PF1,R1,0,A2,B1
S26,I43,C4,49,PF1,R1,0,A2,B2
S26,I44,C1,50,PF1,R1,0,A1,B1
S26,I45,C2,20,PF1,R1,0,A1,B2
S26,I46,C3,64,PF1,R1,0,A2,B1
S26,I47,C4,10,PF1,R1,0,A2,B2
S26,I48,C1,23,PF1,R1,0,A1,B1
S26,I49,C2,5,PF1,R1,0,A1,B2
S26,I50,C3,43,PF1,R1,0,A2,B1
S26,I52,C1,62,PF1,R1,0,A1,B1
S26,I53,C2,4,PF1,R1,0,A1,B2
S26,I54,C3,18,PF1,R1,0,A2,B1
S26,I55,C4,53,PF1,R1,0,A2,B2
S26,I56,C1,38,PF1,R1,0,A1,B1
S26,I57,C2,26,PF1,R1,0,A1,B2
S26,I58,C3,42,PF1,R1,0,A2,B1
S26,I59,C4,59,PF1,R1,0,A2,B2
S26,I60,C1,37,PF1,R1,0,A1,B1
S26,I61,C2,56,PF1,R1,0,A1,B2
S26,I62,C3,28,PF1,R1,0,A2,B1
S26,I63,C4,55,PF1,R1,0,A2,B2
S26,I64,C1,51,PF1,R1,0,A1,B1
S27,I1,C3,32,PF1,R1,0,A2,B1
S27,I2,C4,20,PF1,R1,0,A2,B2
S27,I3,C1,55,PF1,R1,0,A1,B1
S27,I4,C2,16,PF1,R1,0,A1,B2
S27,I5,C3,39,PF1,R1,0,A2,B1
S27,I6,C4,28,PF1,R1,0,A2,B2
S27,I8,C2,5,PF1,R1,0,A1,B2
S27,I9,C3,60,PF1,R1,0,A2,B1
S27,I10,C4,4,PF1,R1,0,A2,B2
S27,I11,C1,53,PF1,R1,0,A1,B1
S27,I12,C2,56,PF1,R1,0,A1,B2
S27,I13,C3,13,PF1,R1,0,A2,B1
S27,I14,C4,26,PF1,R1,0,A2,B2
S27,I15,C1,57,PF1,R1,0,A1,B1
S27,I16,C2,38,PF1,R1,0,A1,B2
S27,I17,C3,61,PF1,R1,0,A2,B1
S27,I18,C4,68,PF1,R1,0,A2,B2
S27,I19,C1,54,PF1,R1,0,A1,B1
S27,I20,C2,48,PF1,R1,0,A1,B2
S27,I21,C3,40,PF1,R1,0,A2,B1
S27,I22,C4,51,PF1,R1,0,A2,B2
S27,I23,C1,30,PF1,R1,0,A1,B1
S27,I24,C2,19,PF1,R1,0,A1,B2
S27,I25,C3,67,PF1,R1,0,A2,B1
S27,I26,C4,29,PF1,R1,0,A2,B2
S27,I27,C1,50,PF1,R1,0,A1,B1
S27,I28,C2,10,PF1,R1,0,A1,B2
S27,I29,C3,36,PF1,R1,0,A2,B1
S27,I30,C4,47,PF1,R1,0,A2,B2
S27,I31,C1,35,PF1,R1,0,A1,B1
S27,I32,C2,24,PF1,R1,0,A1,B2
S27,I33,C3,43,PF1,R1,0,A2,B1
S27,I34,C4,58,PF1,R1,0,A2,B2
S27,I35,C1,3,PF1,R1,0,A1,B1
S27,I36,C2,52,PF1,R1,0,A1,B2
S27,I37,C3,9,PF1,R1,0,A2,B1
S27,I38,C4,17,PF1,R1,0,A2,B2
S27,I39,C1,46,PF1,R1,0,A1,B1
S27,I40,C2,69,PF1,R1,0,A1,B2
S27,I41,C3,41,PF1,R1,0,A2,B1
S27,I42,C4,31,PF1,R1,0,A2,B2
S27,I43,C1,65,PF1,R1,0,A1,B1
S27,I44,C2,33,PF1,R1,0,A1,B2
S27,I45,C3,12,PF1,R1,0,A2,B1
S27,I47,C1,64,PF1,R1,1,A1,B1
S27,I48,C2,44,PF1,R1,1,A1,B2
S27,I49,C3,11,PF1,R1,0,A2,B1
S27,I51,C1,42,PF1,R1,0,A1,B1
S27,I52,C2,59,PF1,R1,0,A1,B2
S27,I53,C3,66,PF1,R1,0,A2,B1
S27,I55,C1,37,PF1,R1,0,A1,B1
S27,I56,C2,25,PF1,R1,0,A1,B2
S27,I57,C3,14,PF1,R1,0,A2,B1
S27,I59,C1,21,PF1,R1,0,A1,B1
S27,I60,C2,34,PF1,R1,0,A1,B2
S27,I61,C3,15,PF1,R1,0,A2,B1
S27,I62,C4,27,PF1,R1,0,A2,B2
S27,I63,C1,49,PF1,R1,0,A1,B1
S27,I64,C2,45,PF1,R1,0,A1,B2
S28,I1,C4,19,PF1,R1,0,A2,B2
S28,I2,C1,59,PF1,R1,0,A1,B1
S28,I3,C2,23,PF1,R1,0,A1,B2
S28,I4,C3,62,PF1,R1,0,A2,B1
S28,I5,C4,42,PF1,R1,0,A2,B2
S28,I6,C1,38,PF1,R1,0,A1,B1
S28,I7,C2,49,PF1,R1,0,A1,B2
S28,I8,C3,29,PF1,R1,0,A2,B1
S28,I9,C4,28,PF1,R1,0,A2,B2
S28,I10,C1,12,PF1,R1,0,A1,B1
S28,I11,C2,4,PF1,R1,0,A1,B2
S28,I12,C3,60,PF1,R1,0,A2,B1
S28,I15,C2,20,PF1,R1,0,A1,B2
S28,I16,C3,63,PF1,R1,0,A2,B1
S28,I17,C4,30,PF1,R1,0,A2,B2
S28,I18,C1,50,PF1,R1,0,A1,B1
S28,I19,C2,17,PF1,R1,0,A1,B2
S28,I20,C3,22,PF1,R1,0,A2,B1
S28,I21,C4,41,PF1,R1,0,A2,B2
S28,I22,C1,31,PF1,R1,0,A1,B1
S28,I23,C2,6,PF1,R1,0,A1,B2
S28,I24,C3,18,PF1,R1,0,A2,B1
S28,I25,C4,35,PF1,R1,0,A2,B2
S28,I26,C1,43,PF1,R1,0,A1,B1
S28,I27,C2,56,PF1,R1,0,A1,B2
S28,I28,C3,7,PF1,R1,0,A2,B1
S28,I29,C4,13,PF1,R1,0,A2,B2
S28,I30,C1,2,PF1,R1,0,A1,B1
S28,I31,C2,51,PF1,R1,1,A1,B2
S28,I33,C4,34,PF1,R1,0,A2,B2
S28,I34,C1,25,PF1,R1,0,A1,B1
S28,I35,C2,15,PF1,R1,0,A1,B2
S28,I36,C3,58,PF1,R1,0,A2,B1
S28,I37,C4,36,PF1,R1,0,A2,B2
S28,I38,C1,5,PF1,R1,0,A1,B1
S28,I39,C2,52,PF1,R1,0,A1,B2
S28,I40,C3,37,PF1,R1,0,A2,B1
S28,I41,C4,44,PF1,R1,0,A2,B2
S28,I42,C1,9,PF1,R1,0,A1,B1
S28,I43,C2,33,PF1,R1,0,A1,B2
S28,I44,C3,24,PF1,R1,0,A2,B1
S28,I45,C4,53,PF1,R1,0,A2,B2
S28,I46,C1,55,PF1,R1,0,A1,B1
S28,I47,C2,26,PF1,R1,0,A1,B2
S28,I48,C3,27,PF1,R1,0,A2,B1
S28,I49,C4,46,PF1,R1,0,A2,B2
S28,I50,C1,61,PF1,R1,0,A1,B1
S28,I51,C2,64,PF1,R1,0,A1,B2
S28,I52,C3,16,PF1,R1,0,A2,B1
S28,I53,C4,1,PF1,R1,0,A2,B2
S28,I54,C1,32,PF1,R1,0,A1,B1
S28,I55,C2,48,PF1,R1,0,A1,B2
S28,I56,C3,10,PF1,R1,0,A2,B1
S28,I57,C4,54,PF1,R1,0,A2,B2
S28,I58,C1,47,PF1,R1,1,A1,B1
S28,I59,C2,39,PF1,R1,0,A1,B2
S28,I60,C3,40,PF1,R1,0,A2,B1
S28,I61,C4,57,PF1,R1,0,A2,B2
S28,I62,C1,45,PF1,R1,0,A1,B1
S28,I63,C2,14,PF1,R1,0,A1,B2
S28,I64,C3,11,PF1,R1,0,A2,B1
S29,I1,C1,58,PF1,R1,0,A1,B1
S29,I2,C2,44,PF1,R1,0,A1,B2
S29,I3,C3,31,PF1,R1,0,A2,B1
S29,I5,C1,37,PF1,R1,0,A1,B1
S29,I6,C2,36,PF1,R1,0,A1,B2
S29,I7,C3,54,PF1,R1,0,A2,B1
S29,I9,C1,3,PF1,R1,0,A1,B1
S29,I10,C2,52,PF1,R1,0,A1,B2
S29,I11,C3,49,PF1,R1,0,A2,B1
S29,I12,C4,20,PF1,R1,0,A2,B2
S29,I13,C1,41,PF1,R1,0,A1,B1
S29,I14,C2,16,PF1,R1,0,A1,B2
S29,I15,C3,13,PF1,R1,0,A2,B1
S29,I16,C4,45,PF1,R1,0,A2,B2
S29,I17,C1,51,PF1,R1,0,A1,B1
S29,I18,C2,34,PF1,R1,0,A1,B2
S29,I19,C3,26,PF1,R1,0,A2,B1
S29,I20,C4,48,PF1,R1,0,A2,B2
S29,I21,C1,22,PF1,R1,0,A1,B1
S29,I22,C2,35,PF1,R1,0,A1,B2
S29,I23,C3,2,PF1,R1,0,A2,B1
S29,I24,C4,24,PF1,R1,0,A2,B2
S29,I25,C1,17,PF1,R1,1,A1,B1
S29,I26,C2,9,PF1,R1,0,A1,B2
S29,I27,C3,21,PF1,R1,0,A2,B1
S29,I28,C4,61,PF1,R1,0,A2,B2
S29,I29,C1,59,PF1,R1,0,A1,B1
S29,I30,C2,60,PF1,R1,0,A1,B2
S29,I31,C3,18,PF1,R1,0,A2,B1
S29,I32,C4,28,PF1,R1,1,A2,B2
S29,I33,C1,25,PF1,R1,0,A1,B1
S29,I34,C2,15,PF1,R1,0,A1,B2
S29,I35,C3,8,PF1,R1,0,A2,B1
S29,I36,C4,23,PF1,R1,0,A2,B2
S29,I37,C1,47,PF1,R1,0,A1,B1
S29,I38,C2,57,PF1,R1,0,A1,B2
S29,I39,C3,30,PF1,R1,0,A2,B1
S29,I40,C4,64,PF1,R1,0,A2,B2
S29,I41,C1,10,PF1,R1,0,A1,B1
S29,I42,C2,6,PF1,R1,0,A1,B2
S29,I43,C3,12,PF1,R1,0,A2,B1
S29,I44,C4,7,PF1,R1,0,A2,B2
S29,I45,C1,32,PF1,R1,0,A1,B1
S29,I46,C2,33,PF1,R1,0,A1,B2
S29,I47,C3,56,PF1,R1,1,A2,B1
S29,I48,C4,66,PF1,R1,0,A2,B2
S29,I49,C1,50,PF1,R1,0,A1,B1
S29,I50,C2,55,PF1,R1,0,A1,B2
S29,I51,C3,27,PF1,R1,0,A2,B1
S29,I52,C4,19,PF1,R1,0,A2,B2
S29,I53,C1,1,PF1,R1,0,A1,B1
S29,I54,C2,46,PF1,R1,0,A1,B2
S29,I55,C3,29,PF1,R1,0,A2,B1
S29,I56,C4,14,PF1,R1,0,A2,B2
S29,I57,C1,39,PF1,R1,0,A1,B1
S29,I58,C2,11,PF1,R1,0,A1,B2
S29,I59,C3,65,PF1,R1,0,A2,B1
S29,I60,C4,4,PF1,R1,0,A2,B2
S29,I61,C1,38,PF1,R1,0,A1,B1
S29,I62,C2,5,PF1,R1,0,A1,B2
S29,I63,C3,53,PF1,R1,1,A2,B1
S29,I64,C4,62,PF1,R1,0,A2,B2
S30,I1,C2,65,PF1,R1,0,A1,B2
S30,I2,C3,60,PF1,R1,0,A2,B1
S30,I3,C4,67,PF1,R1,0,A2,B2
S30,I4,C1,3,PF1,R1,0,A1,B1
S30,I5,C2,36,PF1,R1,0,A1,B2
S30,I6,C3,54,PF1,R1,0,A2,B1
S30,I7,C4,11,PF1,R1,0,A2,B2
S30,I8,C1,21,PF1,R1,0,A1,B1
S30,I9,C2,58,PF1,R1,0,A1,B2
S30,I11,C4,62,PF1,R1,0,A2,B2
S30,I13,C2,16,PF1,R1,0,A1,B2
S30,I14,C3,64,PF1,R1,0,A2,B1
S30,I15,C4,17,PF1,R1,0,A2,B2
S30,I16,C1,33,PF1,R1,0,A1,B1
S30,I17,C2,1,PF1,R1,0,A1,B2
S30,I18,C3,5,PF1,R1,0,A2,B1
S30,I19,C4,29,PF1,R1,0,A2,B2
S30,I20,C1,59,PF1,R1,0,A1,B1
S30,I21,C2,10,PF1,R1,0,A1,B2
S30,I22,C3,50,PF1,R1,0,A2,B1
S30,I23,C4,34,PF1,R1,0,A2,B2
S30,I24,C1,14,PF1,R1,0,A1,B1
S30,I25,C2,48,PF1,R1,1,A1,B2
S30,I26,C3,47,PF1,R1,0,A2,B1
S30,I27,C4,55,PF1,R1,0,A2,B2
S30,I29,C2,46,PF1,R1,0,A1,B2
S30,I30,C3,31,PF1,R1,0,A2,B1
S30,I31,C4,9,PF1,R1,0,A2,B2
S30,I32,C1,53,PF1,R1,0,A1,B1
S30,I33,C2,4,PF1,R1,0,A1,B2
S30,I34,C3,44,PF1,R1,0,A2,B1
S30,I35,C4,49,PF1,R1,0,A2,B2
S30,I36,C1,37,PF1,R1,0,A1,B1
S30,I37,C2,15,PF1,R1,0,A1,B2
S30,I38,C3,8,PF1,R1,0,A2,B1
S30,I39,C4,56,PF1,R1,0,A2,B2
S30,I41,C2,2,PF1,R1,0,A1,B2
S30,I42,C3,40,PF1,R1,0,A2,B1
S30,I43,C4,51,PF1,R1,0,A2,B2
S30,I44,C1,32,PF1,R1,0,A1,B1
S30,I45,C2,7,PF1,R1,0,A1,B2
S30,I46,C3,43,PF1,R1,0,A2,B1
S30,I47,C4,41,PF1,R1,0,A2,B2
S30,I48,C1,26,PF1,R1,0,A1,B1
S30,I49,C2,42,PF1,R1,0,A1,B2
S30,I52,C1,12,PF1,R1,0,A1,B1
S30,I53,C2,57,PF1,R1,0,A1,B2
S30,I54,C3,45,PF1,R1,0,A2,B1
S30,I55,C4,39,PF1,R1,0,A2,B2
S30,I56,C1,63,PF1,R1,0,A1,B1
S30,I57,C2,24,PF1,R1,0,A1,B2
S30,I58,C3,52,PF1,R1,0,A2,B1
S30,I59,C4,6,PF1,R1,0,A2,B2
S30,I60,C1,30,PF1,R1,0,A1,B1
S30,I61,C2,38,PF1,R1,0,A1,B2
S30,I62,C3,61,PF1,R1,0,A2,B1
S30,I63,C4,13,PF1,R1,0,A2,B2
S30,I64,C1,66,PF1,R1,0,A1,B1
S31,I1,C3,30,PF1,R1,0,A2,B1
S31,I2,C4,58,PF1,R1,0,A2,B2
S31,I3,C1,32,PF1,R1,0,A1,B1
S31,I4,C2,14,PF1,R1,0,A1,B2
S31,I5,C3,41,PF1,R1,0,A2,B1
S31,I6,C4,12,PF1,R1,0,A2,B2
S31,I7,C1,49,PF1,R1,0,A1,B1
S31,I8,C2,20,PF1,R1,0,A1,B2
S31,I9,C3,27,PF1,R1,0,A2,B1
S31,I10,C4,31,PF1,R1,0,A2,B2
S31,I11,C1,8,PF1,R1,0,A1,B1
S31,I12,C2,52,PF1,R1,0,A1,B2
S31,I13,C3,36,PF1,R1,0,A2,B1
S31,I14,C4,1,PF1,R1,0,A2,B2
S31,I15,C1,35,PF1,R1,0,A1,B1
S31,I16,C2,4,PF1,R1,0,A1,B2
S31,I17,C3,2,PF1,R1,1,A2,B1
S31,I18,C4,57,PF1,R1,0,A2,B2
S31,I19,C1,21,PF1,R1,0,A1,B1
S31,I20,C2,23,PF1,R1,0,A1,B2
S31,I21,C3,40,PF1,R1,0,A2,B1
S31,I22,C4,47,PF1,R1,0,A2,B2
S31,I23,C1,38,PF1,R1,0,A1,B1
S31,I24,C2,42,PF1,R1,0,A1,B2
S31,I25,C3,61,PF1,R1,0,A2,B1
S31,I26,C4,45,PF1,R1,0,A2,B2
S31,I27,C1,37,PF1,R1,0,A1,B1
S31,I28,C2,64,PF1,R1,0,A1,B2
S31,I29,C3,7,PF1,R1,0,A2,B1
S31,I30,C4,34,PF1,R1,0,A2,B2
S31,I31,C1,16,PF1,R1,0,A1,B1
S31,I32,C2,48,PF1,R1,0,A1,B2
S31,I33,C3,59,PF1,R1,0,A2,B1
S31,I34,C4,18,PF1,R1,0,A2,B2
S31,I35,C1,9,PF1,R1,0,A1,B1
S31,I36,C2,3,PF1,R1,0,A1,B2
S31,I37,C3,19,PF1,R1,0,A2,B1
S31,I38,C4,28,PF1,R1,0,A2,B2
S31,I39,C1,10,PF1,R1,0,A1,B1
S31,I40,C2,29,PF1,R1,0,A1,B2
S31,I41,C3,43,PF1,R1,0,A2,B1
S31,I42,C4,44,PF1,R1,0,A2,B2
S31,I43,C1,63,PF1,R1,0,A1,B1
S31,I44,C2,39,PF1,R1,0,A1,B2
S31,I45,C3,56,PF1,R1,0,A2,B1
S31,I46,C4,46,PF1,R1,0,A2,B2
S31,I47,C1,15,PF1,R1,0,A1,B1
S31,I48,C2,60,PF1,R1,0,A1,B2
S31,I49,C3,50,PF1,R1,0,A2,B1
S31,I50,C4,51,PF1,R1,0,A2,B2
S31,I51,C1,54,PF1,R1,0,A1,B1
S31,I52,C2,17,PF1,R1,0,A1,B2
S31,I53,C3,24,PF1,R1,0,A2,B1
S31,I54,C4,33,PF1,R1,0,A2,B2
S31,I55,C1,26,PF1,R1,0,A1,B1
S31,I56,C2,22,PF1,R1,0,A1,B2
S31,I57,C3,25,PF1,R1,0,A2,B1
S31,I58,C4,6,PF1,R1,0,A2,B2
S31,I59,C1,55,PF1,R1,0,A1,B1
S31,I60,C2,62,PF1,R1,0,A1,B2
S31,I61,C3,13,PF1,R1,0,A2,B1
S31,I62,C4,53,PF1,R1,0,A2,B2
S31,I63,C1,11,PF1,R1,0,A1,B1
S32,I1,C4,17,PF1,R1,0,A2,B2
S32,I2,C1,36,PF1,R1,0,A1,B1
S32,I3,C2,10,PF1,R1,0,A1,B2
S32,I4,C3,41,PF1,R1,0,A2,B1
S32,I5,C4,53,PF1,R1,0,A2,B2
S32,I6,C1,49,PF1,R1,0,A1,B1
S32,I7,C2,2,PF1,R1,0,A1,B2
S32,I8,C3,56,PF1,R1,0,A2,B1
S32,I10,C1,12,PF1,R1,1,A1,B1
S32,I11,C2,40,PF1,R1,0,A1,B2
S32,I12,C3,48,PF1,R1,0,A2,B1
S32,I14,C1,46,PF1,R1,0,A1,B1
S32,I15,C2,13,PF1,R1,0,A1,B2
S32,I16,C3,5,PF1,R1,0,A2,B1
S32,I17,C4,16,PF1,R1,0,A2,B2
S32,I18,C1,11,PF1,R1,0,A1,B1
S32,I19,C2,14,PF1,R1,0,A1,B2
S32,I20,C3,62,PF1,R1,0,A2,B1
S32,I21,C4,28,PF1,R1,0,A2,B2
S32,I22,C1,32,PF1,R1,0,A1,B1
S32,I23,C2,30,PF1,R1,0,A1,B2
S32,I24,C3,6,PF1,R1,0,A2,B1
S32,I25,C4,8,PF1,R1,0,A2,B2
S32,I26,C1,39,PF1,R1,0,A1,B1
S32,I27,C2,50,PF1,R1,0,A1,B2
S32,I28,C3,61,PF1,R1,0,A2,B1
S32,I29,C4,27,PF1,R1,0,A2,B2
S32,I30,C1,60,PF1,R1,0,A1,B1
S32,I31,C2,23,PF1,R1,0,A1,B2
S32,I32,C3,29,PF1,R1,0,A2,B1
S32,I33,C4,51,PF1,R1,0,A2,B2
S32,I34,C1,9,PF1,R1,1,A1,B1
S32,I36,C3,58,PF1,R1,0,A2,B1
S32,I38,C1,55,PF1,R1,0,A1,B1
S32,I39,C2,25,PF1,R1,0,A1,B2
S32,I40,C3,1,PF1,R1,0,A2,B1
S32,I41,C4,44,PF1,R1,0,A2,B2
S32,I42,C1,64,PF1,R1,0,A1,B1
S32,I43,C2,59,PF1,R1,0,A1,B2
S32,I44,C3,35,PF1,R1,0,A2,B1
S32,I45,C4,52,PF1,R1,0,A2,B2
S32,I46,C1,31,PF1,R1,0,A1,B1
S32,I47,C2,3,PF1,R1,0,A1,B2
S32,I48,C3,47,PF1,R1,0,A2,B1
S32,I49,C4,65,PF1,R1,0,A2,B2
S32,I50,C1,7,PF1,R1,0,A1,B1
S32,I51,C2,45,PF1,R1,0,A1,B2
S32,I52,C3,34,PF1,R1,0,A2,B1
S32,I53,C4,38,PF1,R1,0,A2,B2
S32,I54,C1,33,PF1,R1,1,A1,B1
S32,I55,C2,19,PF1,R1,0,A1,B2
S32,I56,C3,4,PF1,R1,0,A2,B1
S32,I57,C4,22,PF1,R1,0,A2,B2
S32,I58,C1,26,PF1,R1,0,A1,B1
S32,I61,C4,54,PF1,R1,0,A2,B2
S32,I62,C1,15,PF1,R1,0,A1,B1
S32,I63,C2,43,PF1,R1,0,A1,B2
S32,I64,C3,24,PF1,R1,0,A2,B1
S33,I1,C1,12,PF1,R1,0,A1,B1
S33,I2,C2,64,PF1,R1,0,A1,B2
S33,I3,C3,6,PF1,R1,0,A2,B1
S33,I4,C4,15,PF1,R1,0,A2,B2
S33,I5,C1,38,PF1,R1,0,A1,B1
S33,I6,C2,51,PF1,R1,0,A1,B2
S33,I7,C3,25,PF1,R1,0,A2,B1
S33,I8,C4,30,PF1,R1,0,A2,B2
S33,I10,C2,36,PF1,R1,0,A1,B2
S33,I11,C3,9,PF1,R1,0,A2,B1
S33,I12,C4,8,PF1,R1,0,A2,B2
S33,I13,C1,45,PF1,R1,0,A1,B1
S33,I14,C2,54,PF1,R1,0,A1,B2
S33,I15,C3,41,PF1,R1,0,A2,B1
S33,I16,C4,32,PF1,R1,0,A2,B2
S33,I17,C1,53,PF1,R1,1,A1,B1
S33,I18,C2,33,PF1,R1,0,A1,B2
S33,I19,C3,16,PF1,R1,0,A2,B1
S33,I20,C4,37,PF1,R1,0,A2,B2
S33,I21,C1,55,PF1,R1,0,A1,B1
S33,I22,C2,22,PF1,R1,0,A1,B2
S33,I23,C3,63,PF1,R1,0,A2,B1
S33,I24,C4,48,PF1,R1,0,A2,B2
S33,I25,C1,13,PF1,R1,0,A1,B1
S33,I26,C2,5,PF1,R1,1,A1,B2
S33,I27,C3,42,PF1,R1,0,A2,B1
S33,I28,C4,35,PF1,R1,0,A2,B2
S33,I29,C1,46,PF1,R1,0,A1,B1
S33,I30,C2,31,PF1,R1,0,A1,B2
S33,I31,C3,57,PF1,R1,0,A2,B1
S33,I32,C4,34,PF1,R1,0,A2,B2
S33,I33,C1,40,PF1,R1,0,A1,B1
S33,I34,C2,21,PF1,R1,0,A1,B2
S33,I35,C3,17,PF1,R1,0,A2,B1
S33,I36,C4,20,PF1,R1,0,A2,B2
S33,I37,C1,18,PF1,R1,0,A1,B1
S33,I38,C2,4,PF1,R1,0,A1,B2
S33,I39,C3,61,PF1,R1,0,A2,B1
S33,I40,C4,62,PF1,R1,0,A2,B2
S33,I41,C1,47,PF1,R1,0,A1,B1
S33,I42,C2,24,PF1,R1,0,A1,B2
S33,I43,C3,59,PF1,R1,0,A2,B1
S33,I44,C4,14,PF1,R1,0,A2,B2
S33,I45,C1,56,PF1,R1,0,A1,B1
S33,I46,C2,27,PF1,R1,0,A1,B2
S33,I47,C3,44,PF1,R1,0,A2,B1
S33,I48,C4,60,PF1,R1,0,A2,B2
S33,I49,C1,39,PF1,R1,0,A1,B1
S33,I50,C2,43,PF1,R1,0,A1,B2
S33,I51,C3,52,PF1,R1,0,A2,B1
S33,I52,C4,10,PF1,R1,0,A2,B2
S33,I53,C1,23,PF1,R1,0,A1,B1
S33,I54,C2,2,PF1,R1,1,A1,B2
S33,I55,C3,1,PF1,R1,0,A2,B1
S33,I56,C4,26,PF1,R1,0,A2,B2
S33,I57,C1,19,PF1,R1,0,A1,B1
S33,I58,C2,28,PF1,R1,0,A1,B2
S33,I59,C3,7,PF1,R1,0,A2,B1
S33,I60,C4,65,PF1,R1,0,A2,B2
S33,I61,C1,29,PF1,R1,0,A1,B1
S33,I62,C2,11,PF1,R1,0,A1,B2
S33,I63,C3,3,PF1,R1,0,A2,B1
S33,I64,C4,58,PF1,R1,0,A2,B2
S34,I1,C2,57,PF1,R1,0,A1,B2
S34,I2,C3,58,PF1,R1,0,A2,B1
S34,I3,C4,51,PF1,R1,0,A2,B2
S34,I4,C1,63,PF1,R1,0,A1,B1
S34,I5,C2,49,PF1,R1,0,A1,B2
S34,I7,C4,32,PF1,R1,0,A2,B2
S34,I8,C1,14,PF1,R1,0,A1,B1
S34,I9,C2,38,PF1,R1,0,A1,B2
S34,I10,C3,22,PF1,R1,0,A2,B1
S34,I11,C4,19,PF1,R1,0,A2,B2
S34,I13,C2,1,PF1,R1,0,A1,B2
S34,I14,C3,39,PF1,R1,0,A2,B1
S34,I15,C4,11,PF1,R1,0,A2,B2
S34,I16,C1,12,PF1,R1,0,A1,B1
S34,I17,C2,24,PF1,R1,0,A1,B2
S34,I18,C3,67,PF1,R1,0,A2,B1
S34,I19,C4,66,PF1,R1,0,A2,B2
S34,I20,C1,23,PF1,R1,0,A1,B1
S34,I21,C2,8,PF1,R1,0,A1,B2
S34,I22,C3,59,PF1,R1,0,A2,B1
S34,I23,C4,64,PF1,R1,0,A2,B2
S34,I24,C1,3,PF1,R1,1,A1,B1
S34,I25,C2,10,PF1,R1,0,A1,B2
S34,I26,C3,56,PF1,R1,0,A2,B1
S34,I27,C4,31,PF1,R1,0,A2,B2
S34,I28,C1,48,PF1,R1,0,A1,B1
S34,I29,C2,45,PF1,R1,0,A1,B2
S34,I30,C3,26,PF1,R1,0,A2,B1
S34,I32,C1,50,PF1,R1,0,A1,B1
S34,I33,C2,54,PF1,R1,0,A1,B2
S34,I34,C3,53,PF1,R1,1,A2,B1
S34,I35,C4,13,PF1,R1,0,A2,B2
S34,I37,C2,33,PF1,R1,0,A1,B2
S34,I38,C3,60,PF1,R1,0,A2,B1
S34,I40,C1,7,PF1,R1,0,A1,B1
S34,I41,C2,15,PF1,R1,0,A1,B2
S34,I42,C3,46,PF1,R1,0,A2,B1
S34,I43,C4,55,PF1,R1,1,A2,B2
S34,I44,C1,9,PF1,R1,0,A1,B1
S34,I45,C2,27,PF1,R1,0,A1,B2
S34,I46,C3,20,PF1,R1,0,A2,B1
S34,I47,C4,2,PF1,R1,0,A2,B2
S34,I48,C1,42,PF1,R1,0,A1,B1
S34,I49,C2,4,PF1,R1,0,A1,B2
S34,I50,C3,65,PF1,R1,0,A2,B1
S34,I51,C4,52,PF1,R1,0,A2,B2
S34,I52,C1,5,PF1,R1,0,A1,B1
S34,I53,C2,61,PF1,R1,0,A1,B2
S34,I54,C3,28,PF1,R1,0,A2,B1
S34,I55,C4,62,PF1,R1,0,A2,B2
S34,I56,C1,16,PF1,R1,0,A1,B1
S34,I57,C2,44,PF1,R1,0,A1,B2
S34,I58,C3,41,PF1,R1,0,A2,B1
S34,I59,C4,40,PF1,R1,0,A2,B2
S34,I60,C1,18,PF1,R1,0,A1,B1
S34,I61,C2,43,PF1,R1,0,A1,B2
S34,I62,C3,29,PF1,R1,0,A2,B1
S34,I63,C4,47,PF1,R1,0,A2,B2
S34,I64,C1,21,PF1,R1,0,A1,B1
S35,I1,C3,27,PF1,R1,0,A2,B1
S35,I2,C4,31,PF1,R1,0,A2,B2
S35,I3,C1,43,PF1,R1,0,A1,B1
S35,I4,C2,63,PF1,R1,0,A1,B2
S35,I5,C3,24,PF1,R1,0,A2,B1
S35,I6,C4,48,PF1,R1,0,A2,B2
S35,I7,C1,34,PF1,R1,0,A1,B1
S35,I8,C2,39,PF1,R1,0,A1,B2
S35,I9,C3,50,PF1,R1,0,A2,B1
S35,I10,C4,41,PF1,R1,0,A2,B2
S35,I11,C1,56,PF1,R1,0,A1,B1
S35,I12,C2,4,PF1,R1,0,A1,B2
S35,I13,C3,17,PF1,R1,0,A2,B1
S35,I14,C4,10,PF1,R1,0,A2,B2
S35,I15,C1,40,PF1,R1,0,A1,B1
S35,I16,C2,7,PF1,R1,0,A1,B2
S35,I17,C3,57,PF1,R1,0,A2,B1
S35,I18,C4,1,PF1,R1,0,A2,B2
S35,I19,C1,36,PF1,R1,0,A1,B1
S35,I20,C2,33,PF1,R1,0,A1,B2
S35,I21,C3,64,PF1,R1,0,A2,B1
S35,I22,C4,15,PF1,R1,0,A2,B2
S35,I23,C1,59,PF1,R1,0,A1,B1
S35,I24,C2,53,PF1,R1,0,A1,B2
S35,I25,C3,18,PF1,R1,0,A2,B1
S35,I26,C4,32,PF1,R1,0,A2,B2
S35,I27,C1,23,PF1,R1,0,A1,B1
S35,I28,C2,25,PF1,R1,0,A1,B2
S35,I29,C3,52,PF1,R1,0,A2,B1
S35,I30,C4,38,PF1,R1,0,A2,B2
S35,I31,C1,54,PF1,R1,0,A1,B1
S35,I32,C2,49,PF1,R1,0,A1,B2
S35,I33,C3,8,PF1,R1,0,A2,B1
S35,I34,C4,22,PF1,R1,0,A2,B2
S35,I35,C1,37,PF1,R1,0,A1,B1
S35,I36,C2,51,PF1,R1,0,A1,B2
S35,I37,C3,55,PF1,R1,0,A2,B1
S35,I38,C4,5,PF1,R1,0,A2,B2
S35,I39,C1,35,PF1,R1,0,A1,B1
S35,I40,C2,58,PF1,R1,0,A1,B2
S35,I41,C3,13,PF1,R1,0,A2,B1
S35,I42,C4,30,PF1,R1,0,A2,B2
S35,I43,C1,45,PF1,R1,0,A1,B1
S35,I44,C2,44,PF1,R1,0,A1,B2
S35,I45,C3,2,PF1,R1,0,A2,B1
S35,I46,C4,9,PF1,R1,0,A2,B2
S35,I47,C1,26,PF1,R1,0,A1,B1
S35,I48,C2,28,PF1,R1,0,A1,B2
S35,I49,C3,11,PF1,R1,0,A2,B1
S35,I50,C4,47,PF1,R1,0,A2,B2
S35,I51,C1,12,PF1,R1,0,A1,B1
S35,I52,C2,6,PF1,R1,0,A1,B2
S35,I53,C3,29,PF1,R1,0,A2,B1
S35,I54,C4,14,PF1,R1,0,A2,B2
S35,I55,C1,42,PF1,R1,0,A1,B1
S35,I56,C2,19,PF1,R1,0,A1,B2
S35,I57,C3,16,PF1,R1,0,A2,B1
S35,I58,C4,21,PF1,R1,0,A2,B2
S35,I59,C1,60,PF1,R1,0,A1,B1
S35,I60,C2,3,PF1,R1,0,A1,B2
S35,I61,C3,61,PF1,R1,0,A2,B1
S35,I62,C4,46,PF1,R1,0,A2,B2
S35,I63,C1,20,PF1,R1,0,A1,B1
S35,I64,C2,62,PF1,R1,0,A1,B2
S36,I1,C4,59,PF1,R1,0,A2,B2
S36,I2,C1,5,PF1,R1,0,A1,B1
S36,I3,C2,44,PF1,R1,0,A1,B2
S36,I4,C3,51,PF1,R1,0,A2,B1
S36,I5,C4,63,PF1,R1,0,A2,B2
S36,I6,C1,31,PF1,R1,0,A1,B1
S36,I7,C2,39,PF1,R1,0,A1,B2
S36,I8,C3,7,PF1,R1,0,A2,B1
S36,I9,C4,26,PF1,R1,0,A2,B2
S36,I10,C1,16,PF1,R1,0,A1,B1
S36,I11,C2,46,PF1,R1,0,A1,B2
S36,I12,C3,23,PF1,R1,0,A2,B1
S36,I13,C4,19,PF1,R1,0,A2,B2
S36,I14,C1,64,PF1,R1,0,A1,B1
S36,I15,C2,41,PF1,R1,0,A1,B2
S36,I16,C3,61,PF1,R1,0,A2,B1
S36,I17,C4,47,PF1,R1,0,A2,B2
S36,I18,C1,38,PF1,R1,0,A1,B1
S36,I19,C2,62,PF1,R1,0,A1,B2
S36,I20,C3,58,PF1,R1,0,A2,B1
S36,I21,C4,60,PF1,R1,0,A2,B2
S36,I22,C1,50,PF1,R1,0,A1,B1
S36,I23,C2,12,PF1,R1,0,A1,B2
S36,I24,C3,22,PF1,R1,0,A2,B1
S36,I25,C4,56,PF1,R1,0,A2,B2
S36,I26,C1,11,PF1,R1,0,A1,B1
S36,I27,C2,57,PF1,R1,0,A1,B2
S36,I28,C3,49,PF1,R1,0,A2,B1
S36,I29,C4,13,PF1,R1,0,A2,B2
S36,I30,C1,14,PF1,R1,0,A1,B1
S36,I31,C2,4,PF1,R1,0,A1,B2
S36,I32,C3,24,PF1,R1,0,A2,B1
S36,I33,C4,53,PF1,R1,0,A2,B2
S36,I34,C1,48,PF1,R1,0,A1,B1
S36,I35,C2,35,PF1,R1,0,A1,B2
S36,I36,C3,2,PF1,R1,0,A2,B1
S36,I37,C4,1,PF1,R1,0,A2,B2
S36,I38,C1,20,PF1,R1,0,A1,B1
S36,I39,C2,36,PF1,R1,0,A1,B2
S36,I40,C3,9,PF1,R1,0,A2,B1
S36,I41,C4,10,PF1,R1,0,A2,B2
S36,I42,C1,40,PF1,R1,0,A1,B1
S36,I43,C2,52,PF1,R1,0,A1,B2
S36,I44,C3,55,PF1,R1,0,A2,B1
S36,I45,C4,42,PF1,R1,0,A2,B2
S36,I46,C1,28,PF1,R1,0,A1,B1
S36,I47,C2,45,PF1,R1,0,A1,B2
S36,I48,C3,43,PF1,R1,0,A2,B1
S36,I49,C4,30,PF1,R1,0,A2,B2
S36,I50,C1,3,PF1,R1,0,A1,B1
S36,I51,C2,37,PF1,R1,0,A1,B2
S36,I52,C3,15,PF1,R1,0,A2,B1
S36,I53,C4,8,PF1,R1,0,A2,B2
S36,I54,C1,29,PF1,R1,0,A1,B1
S36,I55,C2,21,PF1,R1,0,A1,B2
S36,I56,C3,17,PF1,R1,0,A2,B1
S36,I57,C4,54,PF1,R1,0,A2,B2
S36,I58,C1,25,PF1,R1,0,A1,B1
S36,I59,C2,34,PF1,R1,0,A1,B2
S36,I60,C3,18,PF1,R1,0,A2,B1
S36,I61,C4,27,PF1,R1,0,A2,B2
S36,I62,C1,6,PF1,R1,0,A1,B1
S36,I63,C2,32,PF1,R1,0,A1,B2
S36,I64,C3,33,PF1,R1,0,A2,B1
S37,I1,C1,9,PF1,R1,0,A1,B1
S37,I2,C2,18,PF1,R1,0,A1,B2
S37,I3,C3,32,PF1,R1,0,A2,B1
S37,I4,C4,27,PF1,R1,0,A2,B2
S37,I5,C1,37,PF1,R1,0,A1,B1
S37,I6,C2,14,PF1,R1,0,A1,B2
S37,I7,C3,29,PF1,R1,0,A2,B1
S37,I8,C4,42,PF1,R1,0,A2,B2
S37,I9,C1,17,PF1,R1,0,A1,B1
S37,I10,C2,24,PF1,R1,0,A1,B2
S37,I11,C3,12,PF1,R1,0,A2,B1
S37,I12,C4,39,PF1,R1,0,A2,B2
S37,I13,C1,35,PF1,R1,0,A1,B1
S37,I14,C2,50,PF1,R1,0,A1,B2
S37,I15,C3,19,PF1,R1,0,A2,B1
S37,I16,C4,33,PF1,R1,0,A2,B2
S37,I17,C1,36,PF1,R1,0,A1,B1
S37,I18,C2,38,PF1,R1,0,A1,B2
S37,I19,C3,54,PF1,R1,0,A2,B1
S37,I20,C4,65,PF1,R1,0,A2,B2
S37,I21,C1,26,PF1,R1,0,A1,B1
S37,I22,C2,51,PF1,R1,0,A1,B2
S37,I23,C3,61,PF1,R1,0,A2,B1
S37,I24,C4,49,PF1,R1,0,A2,B2
S37,I27,C3,52,PF1,R1,0,A2,B1
S37,I28,C4,31,PF1,R1,0,A2,B2
S37,I29,C1,43,PF1,R1,0,A1,B1
S37,I30,C2,46,PF1,R1,0,A1,B2
S37,I31,C3,11,PF1,R1,0,A2,B1
S37,I32,C4,56,PF1,R1,0,A2,B2
S37,I33,C1,64,PF1,R1,0,A1,B1
S37,I34,C2,10,PF1,R1,0,A1,B2
S37,I35,C3,63,PF1,R1,0,A2,B1
S37,I36,C4,30,PF1,R1,0,A2,B2
S37,I37,C1,48,PF1,R1,0,A1,B1
S37,I38,C2,7,PF1,R1,0,A1,B2
S37,I39,C3,41,PF1,R1,0,A2,B1
S37,I40,C4,22,PF1,R1,0,A2,B2
S37,I41,C1,57,PF1,R1,0,A1,B1
S37,I42,C2,25,PF1,R1,0,A1,B2
S37,I43,C3,16,PF1,R1,0,A2,B1
S37,I44,C4,23,PF1,R1,0,A2,B2
S37,I45,C1,47,PF1,R1,0,A1,B1
S37,I46,C2,1,PF1,R1,0,A1,B2
S37,I47,C3,15,PF1,R1,0,A2,B1
S37,I49,C1,3,PF1,R1,0,A1,B1
S37,I50,C2,55,PF1,R1,0,A1,B2
S37,I53,C1,58,PF1,R1,0,A1,B1
S37,I54,C2,40,PF1,R1,0,A1,B2
S37,I55,C3,4,PF1,R1,0,A2,B1
S37,I56,C4,8,PF1,R1,0,A2,B2
S37,I57,C1,53,PF1,R1,0,A1,B1
S37,I58,C2,2,PF1,R1,0,A1,B2
S37,I59,C3,20,PF1,R1,0,A2,B1
S37,I60,C4,45,PF1,R1,0,A2,B2
S37,I61,C1,62,PF1,R1,0,A1,B1
S37,I62,C2,13,PF1,R1,0,A1,B2
S37,I63,C3,21,PF1,R1,0,A2,B1
S37,I64,C4,28,PF1,R1,0,A2,B2
S38,I1,C2,20,PF1,R1,0,A1,B2
S38,I2,C3,67,PF1,R1,0,A2,B1
S38,I3,C4,46,PF1,R1,0,A2,B2
S38,I4,C1,49,PF1,R1,0,A1,B1
S38,I5,C2,50,PF1,R1,0,A1,B2
S38,I6,C3,16,PF1,R1,0,A2,B1
S38,I7,C4,64,PF1,R1,0,A2,B2
S38,I8,C1,41,PF1,R1,0,A1,B1
S38,I9,C2,61,PF1,R1,0,A1,B2
S38,I10,C3,57,PF1,R1,0,A2,B1
S38,I11,C4,26,PF1,R1,0,A2,B2
S38,I12,C1,52,PF1,R1,0,A1,B1
S38,I13,C2,10,PF1,R1,0,A1,B2
S38,I14,C3,11,PF1,R1,0,A2,B1
S38,I15,C4,59,PF1,R1,0,A2,B2
S38,I16,C1,47,PF1,R1,0,A1,B1
S38,I17,C2,36,PF1,R1,0,A1,B2
S38,I19,C4,32,PF1,R1,0,A2,B2
S38,I21,C2,8,PF1,R1,0,A1,B2
S38,I22,C3,62,PF1,R1,0,A2,B1
S38,I23,C4,22,PF1,R1,0,A2,B2
S38,I24,C1,56,PF1,R1,0,A1,B1
S38,I25,C2,30,PF1,R1,0,A1,B2
S38,I26,C3,35,PF1,R1,0,A2,B1
S38,I27,C4,33,PF1,R1,0,A2,B2
S38,I28,C1,54,PF1,R1,0,A1,B1
S38,I29,C2,42,PF1,R1,0,A1,B2
S38,I31,C4,63,PF1,R1,0,A2,B2
S38,I32,C1,7,PF1,R1,0,A1,B1
S38,I33,C2,6,PF1,R1,0,A1,B2
S38,I34,C3,31,PF1,R1,0,A2,B1
S38,I35,C4,19,PF1,R1,0,A2,B2
S38,I36,C1,68,PF1,R1,0,A1,B1
S38,I37,C2,53,PF1,R1,0,A1,B2
S38,I38,C3,51,PF1,R1,0,A2,B1
S38,I39,C4,65,PF1,R1,0,A2,B2
S38,I40,C1,24,PF1,R1,0,A1,B1
S38,I42,C3,14,PF1,R1,0,A2,B1
S38,I43,C4,60,PF1,R1,0,A2,B2
S38,I44,C1,25,PF1,R1,0,A1,B1
S38,I45,C2,27,PF1,R1,0,A1,B2
S38,I46,C3,28,PF1,R1,0,A2,B1
S38,I47,C4,40,PF1,R1,0,A2,B2
S38,I48,C1,38,PF1,R1,0,A1,B1
S38,I49,C2,17,PF1,R1,0,A1,B2
S38,I52,C1,4,PF1,R1,0,A1,B1
S38,I53,C2,48,PF1,R1,0,A1,B2
S38,I54,C3,37,PF1,R1,0,A2,B1
S38,I55,C4,39,PF1,R1,0,A2,B2
S38,I56,C1,45,PF1,R1,0,A1,B1
S38,I57,C2,58,PF1,R1,0,A1,B2
S38,I59,C4,66,PF1,R1,0,A2,B2
S38,I60,C1,5,PF1,R1,0,A1,B1
S38,I61,C2,29,PF1,R1,0,A1,B2
S38,I62,C3,18,PF1,R1,0,A2,B1
S38,I63,C4,34,PF1,R1,0,A2,B2
S38,I64,C1,1,PF1,R1,0,A1,B1
S39,I1,C3,27,PF1,R1,0,A2,B1
S39,I2,C4,6,PF1,R1,0,A2,B2
S39,I3,C1,38,PF1,R1,1,A1,B1
S39,I4,C2,37,PF1,R1,1,A1,B2
S39,I5,C3,14,PF1,R1,1,A2,B1
S39,I6,C4,43,PF1,R1,0,A2,B2
S39,I7,C1,10,PF1,R1,1,A1,B1
S39,I8,C2,17,PF1,R1,0,A1,B2
S39,I9,C3,21,PF1,R1,0,A2,B1
S39,I10,C4,36,PF1,R1,0,A2,B2
S39,I11,C1,41,PF1,R1,0,A1,B1
S39,I12,C2,11,PF1,R1,1,A1,B2
S39,I13,C3,35,PF1,R1,1,A2,B1
S39,I14,C4,12,PF1,R1,0,A2,B2
S39,I15,C1,58,PF1,R1,0,A1,B1
S39,I16,C2,8,PF1,R1,0,A1,B2
S39,I17,C3,30,PF1,R1,0,A2,B1
S39,I18,C4,13,PF1,R1,0,A2,B2
S39,I19,C1,51,PF1,R1,1,A1,B1
S39,I20,C2,29,PF1,R1,0,A1,B2
S39,I21,C3,55,PF1,R1,0,A2,B1
S39,I23,C1,4,PF1,R1,0,A1,B1
S39,I24,C2,49,PF1,R1,0,A1,B2
S39,I25,C3,33,PF1,R1,0,A2,B1
S39,I26,C4,5,PF1,R1,0,A2,B2
S39,I27,C1,1,PF1,R1,0,A1,B1
S39,I28,C2,65,PF1,R1,0,A1,B2
S39,I29,C3,66,PF1,R1,0,A2,B1
S39,I30,C4,61,PF1,R1,0,A2,B2
S39,I31,C1,39,PF1,R1,1,A1,B1
S39,I32,C2,54,PF1,R1,0,A1,B2
S39,I33,C3,47,PF1,R1,1,A2,B1
S39,I34,C4,57,PF1,R1,1,A2,B2
S39,I35,C1,64,PF1,R1,0,A1,B1
S39,I37,C3,45,PF1,R1,0,A2,B1
S39,I39,C1,9,PF1,R1,0,A1,B1
S39,I40,C2,60,PF1,R1,0,A1,B2
S39,I41,C3,2,PF1,R1,0,A2,B1
S39,I42,C4,50,PF1,R1,0,A2,B2
S39,I43,C1,40,PF1,R1,1,A1,B1
S39,I44,C2,63,PF1,R1,0,A1,B2
S39,I45,C3,7,PF1,R1,0,A2,B1
S39,I46,C4,32,PF1,R1,0,A2,B2
S39,I47,C1,26,PF1,R1,1,A1,B1
S39,I49,C3,42,PF1,R1,0,A2,B1
S39,I50,C4,3,PF1,R1,1,A2,B2
S39,I51,C1,48,PF1,R1,1,A1,B1
S39,I52,C2,16,PF1,R1,0,A1,B2
S39,I53,C3,44,PF1,R1,0,A2,B1
S39,I54,C4,34,PF1,R1,1,A2,B2
S39,I55,C1,31,PF1,R1,1,A1,B1
S39,I56,C2,59,PF1,R1,0,A1,B2
S39,I57,C3,62,PF1,R1,0,A2,B1
S39,I60,C2,56,PF1,R1,0,A1,B2
S39,I61,C3,22,PF1,R1,0,A2,B1
S39,I62,C4,18,PF1,R1,0,A2,B2
S39,I63,C1,52,PF1,R1,0,A1,B1
S39,I64,C2,53,PF1,R1,0,A1,B2
S40,I1,C4,9,PF1,R1,0,A2,B2
S40,I2,C1,29,PF1,R1,0,A1,B1
S40,I3,C2,10,PF1,R1,0,A1,B2
S40,I4,C3,45,PF1,R1,0,A2,B1
S40,I5,C4,66,PF1,R1,0,A2,B2
S40,I6,C1,22,PF1,R1,0,A1,B1
S40,I7,C2,52,PF1,R1,0,A1,B2
S40,I8,C3,53,PF1,R1,0,A2,B1
S40,I9,C4,15,PF1,R1,0,A2,B2
S40,I10,C1,27,PF1,R1,1,A1,B1
S40,I11,C2,56,PF1,R1,0,A1,B2
S40,I12,C3,43,PF1,R1,0,A2,B1
S40,I13,C4,34,PF1,R1,0,A2,B2
S40,I14,C1,42,PF1,R1,0,A1,B1
S40,I16,C3,68,PF1,R1,0,A2,B1
S40,I17,C4,18,PF1,R1,0,A2,B2
S40,I18,C1,64,PF1,R1,0,A1,B1
S40,I19,C2,23,PF1,R1,0,A1,B2
S40,I20,C3,54,PF1,R1,0,A2,B1
S40,I21,C4,1,PF1,R1,0,A2,B2
S40,I22,C1,5,PF1,R1,0,A1,B1
S40,I23,C2,24,PF1,R1,0,A1,B2
S40,I24,C3,47,PF1,R1,0,A2,B1
S40,I26,C1,51,PF1,R1,0,A1,B1
S40,I27,C2,40,PF1,R1,0,A1,B2
S40,I28,C3,57,PF1,R1,0,A2,B1
S40,I29,C4,37,PF1,R1,0,A2,B2
S40,I30,C1,36,PF1,R1,0,A1,B1
S40,I31,C2,11,PF1,R1,0,A1,B2
S40,I32,C3,20,PF1,R1,0,A2,B1
S40,I33,C4,60,PF1,R1,1,A2,B2
S40,I34,C1,65,PF1,R1,0,A1,B1
S40,I35,C2,63,PF1,R1,0,A1,B2
S40,I36,C3,33,PF1,R1,0,A2,B1
S40,I37,C4,41,PF1,R1,0,A2,B2
S40,I38,C1,19,PF1,R1,0,A1,B1
S40,I39,C2,48,PF1,R1,0,A1,B2
S40,I40,C3,62,PF1,R1,0,A2,B1
S40,I41,C4,28,PF1,R1,0,A2,B2
S40,I42,C1,67,PF1,R1,1,A1,B1
S40,I43,C2,21,PF1,R1,0,A1,B2
S40,I44,C3,14,PF1,R1,0,A2,B1
S40,I45,C4,13,PF1,R1,0,A2,B2
S40,I46,C1,2,PF1,R1,0,A1,B1
S40,I47,C2,59,PF1,R1,0,A1,B2
S40,I48,C3,46,PF1,R1,0,A2,B1
S40,I49,C4,61,PF1,R1,0,A2,B2
S40,I50,C1,55,PF1,R1,0,A1,B1
S40,I51,C2,16,PF1,R1,0,A1,B2
S40,I52,C3,58,PF1,R1,0,A2,B1
S40,I53,C4,30,PF1,R1,0,A2,B2
S40,I54,C1,26,PF1,R1,0,A1,B1
S40,I55,C2,39,PF1,R1,0,A1,B2
S40,I57,C4,38,PF1,R1,0,A2,B2
S40,I58,C1,31,PF1,R1,0,A1,B1
S40,I59,C2,32,PF1,R1,0,A1,B2
S40,I60,C3,17,PF1,R1,0,A2,B1
S40,I61,C4,12,PF1,R1,1,A2,B2
S40,I62,C1,44,PF1,R1,1,A1,B1
S40,I63,C2,25,PF1,R1,0,A1,B2
S40,I64,C3,35,PF1,R1,0,A2,B1
